Copyright 1986-2022 Xilinx, Inc. All Rights Reserved. Copyright 2022-2023 Advanced Micro Devices, Inc. All Rights Reserved.
------------------------------------------------------------------------------------------------------------------------------------------------------------------------------------------------------------------------------
| Tool Version : Vivado v.2023.2 (win64) Build 4029153 Fri Oct 13 20:14:34 MDT 2023
| Date         : Sun Sep 13 20:31:27 2026
| Host         : eves running 64-bit major release  (build 9200)
| Command      : report_timing_summary -max_paths 10 -report_unconstrained -file rgb_led_top_timing_summary_routed.rpt -pb rgb_led_top_timing_summary_routed.pb -rpx rgb_led_top_timing_summary_routed.rpx -warn_on_violation
| Design       : rgb_led_top
| Device       : 7z010-clg400
| Speed File   : -1  PRODUCTION 1.12 2019-11-22
| Design State : Routed
------------------------------------------------------------------------------------------------------------------------------------------------------------------------------------------------------------------------------

Timing Summary Report

------------------------------------------------------------------------------------------------
| Timer Settings
| --------------
------------------------------------------------------------------------------------------------

  Enable Multi Corner Analysis               :  Yes
  Enable Pessimism Removal                   :  Yes
  Pessimism Removal Resolution               :  Nearest Common Node
  Enable Input Delay Default Clock           :  No
  Enable Preset / Clear Arcs                 :  No
  Disable Flight Delays                      :  No
  Ignore I/O Paths                           :  No
  Timing Early Launch at Borrowing Latches   :  No
  Borrow Time for Max Delay Exceptions       :  Yes
  Merge Timing Exceptions                    :  Yes
  Inter-SLR Compensation                     :  Conservative

  Corner  Analyze    Analyze    
  Name    Max Paths  Min Paths  
  ------  ---------  ---------  
  Slow    Yes        Yes        
  Fast    Yes        Yes        


------------------------------------------------------------------------------------------------
| Report Methodology
| ------------------
------------------------------------------------------------------------------------------------

Rule       Severity  Description                    Violations  
---------  --------  -----------------------------  ----------  
TIMING-18  Warning   Missing input or output delay  7           

Note: This report is based on the most recent report_methodology run and may not be up-to-date. Run report_methodology on the current design for the latest report.



check_timing report

Table of Contents
-----------------
1. checking no_clock (0)
2. checking constant_clock (0)
3. checking pulse_width_clock (0)
4. checking unconstrained_internal_endpoints (0)
5. checking no_input_delay (4)
6. checking no_output_delay (3)
7. checking multiple_clock (0)
8. checking generated_clocks (0)
9. checking loops (0)
10. checking partial_input_delay (0)
11. checking partial_output_delay (0)
12. checking latch_loops (0)

1. checking no_clock (0)
------------------------
 There are 0 register/latch pins with no clock.


2. checking constant_clock (0)
------------------------------
 There are 0 register/latch pins with constant_clock.


3. checking pulse_width_clock (0)
---------------------------------
 There are 0 register/latch pins which need pulse_width check


4. checking unconstrained_internal_endpoints (0)
------------------------------------------------
 There are 0 pins that are not constrained for maximum delay.

 There are 0 pins that are not constrained for maximum delay due to constant clock.


5. checking no_input_delay (4)
------------------------------
 There are 4 input ports with no input delay specified. (HIGH)

 There are 0 input ports with no input delay but user has a false path constraint.


6. checking no_output_delay (3)
-------------------------------
 There are 3 ports with no output delay specified. (HIGH)

 There are 0 ports with no output delay but user has a false path constraint

 There are 0 ports with no output delay but with a timing clock defined on it or propagating through it


7. checking multiple_clock (0)
------------------------------
 There are 0 register/latch pins with multiple clocks.


8. checking generated_clocks (0)
--------------------------------
 There are 0 generated clocks that are not connected to a clock source.


9. checking loops (0)
---------------------
 There are 0 combinational loops in the design.


10. checking partial_input_delay (0)
------------------------------------
 There are 0 input ports with partial input delay specified.


11. checking partial_output_delay (0)
-------------------------------------
 There are 0 ports with partial output delay specified.


12. checking latch_loops (0)
----------------------------
 There are 0 combinational latch loops in the design through latch input



------------------------------------------------------------------------------------------------
| Design Timing Summary
| ---------------------
------------------------------------------------------------------------------------------------

    WNS(ns)      TNS(ns)  TNS Failing Endpoints  TNS Total Endpoints      WHS(ns)      THS(ns)  THS Failing Endpoints  THS Total Endpoints     WPWS(ns)     TPWS(ns)  TPWS Failing Endpoints  TPWS Total Endpoints  
    -------      -------  ---------------------  -------------------      -------      -------  ---------------------  -------------------     --------     --------  ----------------------  --------------------  
      3.238        0.000                      0                  159        0.263        0.000                      0                  159        3.500        0.000                       0                    82  


All user specified timing constraints are met.


------------------------------------------------------------------------------------------------
| Clock Summary
| -------------
------------------------------------------------------------------------------------------------

Clock        Waveform(ns)         Period(ns)      Frequency(MHz)
-----        ------------         ----------      --------------
sys_clk_pin  {0.000 4.000}        8.000           125.000         


------------------------------------------------------------------------------------------------
| Intra Clock Table
| -----------------
------------------------------------------------------------------------------------------------

Clock             WNS(ns)      TNS(ns)  TNS Failing Endpoints  TNS Total Endpoints      WHS(ns)      THS(ns)  THS Failing Endpoints  THS Total Endpoints     WPWS(ns)     TPWS(ns)  TPWS Failing Endpoints  TPWS Total Endpoints  
-----             -------      -------  ---------------------  -------------------      -------      -------  ---------------------  -------------------     --------     --------  ----------------------  --------------------  
sys_clk_pin         3.238        0.000                      0                  159        0.263        0.000                      0                  159        3.500        0.000                       0                    82  


------------------------------------------------------------------------------------------------
| Inter Clock Table
| -----------------
------------------------------------------------------------------------------------------------

From Clock    To Clock          WNS(ns)      TNS(ns)  TNS Failing Endpoints  TNS Total Endpoints      WHS(ns)      THS(ns)  THS Failing Endpoints  THS Total Endpoints  
----------    --------          -------      -------  ---------------------  -------------------      -------      -------  ---------------------  -------------------  


------------------------------------------------------------------------------------------------
| Other Path Groups Table
| -----------------------
------------------------------------------------------------------------------------------------

Path Group    From Clock    To Clock          WNS(ns)      TNS(ns)  TNS Failing Endpoints  TNS Total Endpoints      WHS(ns)      THS(ns)  THS Failing Endpoints  THS Total Endpoints  
----------    ----------    --------          -------      -------  ---------------------  -------------------      -------      -------  ---------------------  -------------------  


------------------------------------------------------------------------------------------------
| User Ignored Path Table
| -----------------------
------------------------------------------------------------------------------------------------

Path Group    From Clock    To Clock    
----------    ----------    --------    


------------------------------------------------------------------------------------------------
| Unconstrained Path Table
| ------------------------
------------------------------------------------------------------------------------------------

Path Group    From Clock    To Clock    
----------    ----------    --------    
(none)        sys_clk_pin                 
(none)                      sys_clk_pin   


------------------------------------------------------------------------------------------------
| Timing Details
| --------------
------------------------------------------------------------------------------------------------


---------------------------------------------------------------------------------------------------
From Clock:  sys_clk_pin
  To Clock:  sys_clk_pin

Setup :            0  Failing Endpoints,  Worst Slack        3.238ns,  Total Violation        0.000ns
Hold  :            0  Failing Endpoints,  Worst Slack        0.263ns,  Total Violation        0.000ns
PW    :            0  Failing Endpoints,  Worst Slack        3.500ns,  Total Violation        0.000ns
---------------------------------------------------------------------------------------------------


Max Delay Paths
--------------------------------------------------------------------------------------
Slack (MET) :             3.238ns  (required time - arrival time)
  Source:                 green/i_reg[23]/C
                            (rising edge-triggered cell FDRE clocked by sys_clk_pin  {rise@0.000ns fall@4.000ns period=8.000ns})
  Destination:            green/i_reg[24]/R
                            (rising edge-triggered cell FDRE clocked by sys_clk_pin  {rise@0.000ns fall@4.000ns period=8.000ns})
  Path Group:             sys_clk_pin
  Path Type:              Setup (Max at Slow Process Corner)
  Requirement:            8.000ns  (sys_clk_pin rise@8.000ns - sys_clk_pin rise@0.000ns)
  Data Path Delay:        4.273ns  (logic 0.828ns (19.380%)  route 3.445ns (80.620%))
  Logic Levels:           3  (LUT4=1 LUT5=1 LUT6=1)
  Clock Path Skew:        -0.025ns (DCD - SCD + CPR)
    Destination Clock Delay (DCD):    4.953ns = ( 12.953 - 8.000 ) 
    Source Clock Delay      (SCD):    5.407ns
    Clock Pessimism Removal (CPR):    0.429ns
  Clock Uncertainty:      0.035ns  ((TSJ^2 + TIJ^2)^1/2 + DJ) / 2 + PE
    Total System Jitter     (TSJ):    0.071ns
    Total Input Jitter      (TIJ):    0.000ns
    Discrete Jitter          (DJ):    0.000ns
    Phase Error              (PE):    0.000ns

    Location             Delay type                Incr(ns)  Path(ns)    Netlist Resource(s)
  -------------------------------------------------------------------    -------------------
                         (clock sys_clk_pin rise edge)
                                                      0.000     0.000 r  
    K17                                               0.000     0.000 r  sys_clk (IN)
                         net (fo=0)                   0.000     0.000    sys_clk
    K17                  IBUF (Prop_ibuf_I_O)         1.492     1.492 r  sys_clk_IBUF_inst/O
                         net (fo=1, routed)           2.076     3.568    sys_clk_IBUF
    BUFGCTRL_X0Y16       BUFG (Prop_bufg_I_O)         0.101     3.669 r  sys_clk_IBUF_BUFG_inst/O
                         net (fo=81, routed)          1.738     5.407    green/sys_clk_IBUF_BUFG
    SLICE_X40Y89         FDRE                                         r  green/i_reg[23]/C
  -------------------------------------------------------------------    -------------------
    SLICE_X40Y89         FDRE (Prop_fdre_C_Q)         0.456     5.863 r  green/i_reg[23]/Q
                         net (fo=2, routed)           0.870     6.733    green/i_reg[23]
    SLICE_X41Y85         LUT4 (Prop_lut4_I1_O)        0.124     6.857 r  green/i[0]_i_7__0/O
                         net (fo=1, routed)           0.936     7.793    green/i[0]_i_7__0_n_0
    SLICE_X41Y86         LUT6 (Prop_lut6_I2_O)        0.124     7.917 r  green/i[0]_i_3__0/O
                         net (fo=2, routed)           0.657     8.574    green/led
    SLICE_X43Y81         LUT5 (Prop_lut5_I4_O)        0.124     8.698 r  green/i[0]_i_1__0/O
                         net (fo=26, routed)          0.981     9.679    green/i[0]_i_1__0_n_0
    SLICE_X40Y90         FDRE                                         r  green/i_reg[24]/R
  -------------------------------------------------------------------    -------------------

                         (clock sys_clk_pin rise edge)
                                                      8.000     8.000 r  
    K17                                               0.000     8.000 r  sys_clk (IN)
                         net (fo=0)                   0.000     8.000    sys_clk
    K17                  IBUF (Prop_ibuf_I_O)         1.421     9.421 r  sys_clk_IBUF_inst/O
                         net (fo=1, routed)           1.880    11.301    sys_clk_IBUF
    BUFGCTRL_X0Y16       BUFG (Prop_bufg_I_O)         0.091    11.392 r  sys_clk_IBUF_BUFG_inst/O
                         net (fo=81, routed)          1.561    12.953    green/sys_clk_IBUF_BUFG
    SLICE_X40Y90         FDRE                                         r  green/i_reg[24]/C
                         clock pessimism              0.429    13.382    
                         clock uncertainty           -0.035    13.346    
    SLICE_X40Y90         FDRE (Setup_fdre_C_R)       -0.429    12.917    green/i_reg[24]
  -------------------------------------------------------------------
                         required time                         12.917    
                         arrival time                          -9.679    
  -------------------------------------------------------------------
                         slack                                  3.238    

Slack (MET) :             3.238ns  (required time - arrival time)
  Source:                 green/i_reg[23]/C
                            (rising edge-triggered cell FDRE clocked by sys_clk_pin  {rise@0.000ns fall@4.000ns period=8.000ns})
  Destination:            green/i_reg[25]/R
                            (rising edge-triggered cell FDRE clocked by sys_clk_pin  {rise@0.000ns fall@4.000ns period=8.000ns})
  Path Group:             sys_clk_pin
  Path Type:              Setup (Max at Slow Process Corner)
  Requirement:            8.000ns  (sys_clk_pin rise@8.000ns - sys_clk_pin rise@0.000ns)
  Data Path Delay:        4.273ns  (logic 0.828ns (19.380%)  route 3.445ns (80.620%))
  Logic Levels:           3  (LUT4=1 LUT5=1 LUT6=1)
  Clock Path Skew:        -0.025ns (DCD - SCD + CPR)
    Destination Clock Delay (DCD):    4.953ns = ( 12.953 - 8.000 ) 
    Source Clock Delay      (SCD):    5.407ns
    Clock Pessimism Removal (CPR):    0.429ns
  Clock Uncertainty:      0.035ns  ((TSJ^2 + TIJ^2)^1/2 + DJ) / 2 + PE
    Total System Jitter     (TSJ):    0.071ns
    Total Input Jitter      (TIJ):    0.000ns
    Discrete Jitter          (DJ):    0.000ns
    Phase Error              (PE):    0.000ns

    Location             Delay type                Incr(ns)  Path(ns)    Netlist Resource(s)
  -------------------------------------------------------------------    -------------------
                         (clock sys_clk_pin rise edge)
                                                      0.000     0.000 r  
    K17                                               0.000     0.000 r  sys_clk (IN)
                         net (fo=0)                   0.000     0.000    sys_clk
    K17                  IBUF (Prop_ibuf_I_O)         1.492     1.492 r  sys_clk_IBUF_inst/O
                         net (fo=1, routed)           2.076     3.568    sys_clk_IBUF
    BUFGCTRL_X0Y16       BUFG (Prop_bufg_I_O)         0.101     3.669 r  sys_clk_IBUF_BUFG_inst/O
                         net (fo=81, routed)          1.738     5.407    green/sys_clk_IBUF_BUFG
    SLICE_X40Y89         FDRE                                         r  green/i_reg[23]/C
  -------------------------------------------------------------------    -------------------
    SLICE_X40Y89         FDRE (Prop_fdre_C_Q)         0.456     5.863 r  green/i_reg[23]/Q
                         net (fo=2, routed)           0.870     6.733    green/i_reg[23]
    SLICE_X41Y85         LUT4 (Prop_lut4_I1_O)        0.124     6.857 r  green/i[0]_i_7__0/O
                         net (fo=1, routed)           0.936     7.793    green/i[0]_i_7__0_n_0
    SLICE_X41Y86         LUT6 (Prop_lut6_I2_O)        0.124     7.917 r  green/i[0]_i_3__0/O
                         net (fo=2, routed)           0.657     8.574    green/led
    SLICE_X43Y81         LUT5 (Prop_lut5_I4_O)        0.124     8.698 r  green/i[0]_i_1__0/O
                         net (fo=26, routed)          0.981     9.679    green/i[0]_i_1__0_n_0
    SLICE_X40Y90         FDRE                                         r  green/i_reg[25]/R
  -------------------------------------------------------------------    -------------------

                         (clock sys_clk_pin rise edge)
                                                      8.000     8.000 r  
    K17                                               0.000     8.000 r  sys_clk (IN)
                         net (fo=0)                   0.000     8.000    sys_clk
    K17                  IBUF (Prop_ibuf_I_O)         1.421     9.421 r  sys_clk_IBUF_inst/O
                         net (fo=1, routed)           1.880    11.301    sys_clk_IBUF
    BUFGCTRL_X0Y16       BUFG (Prop_bufg_I_O)         0.091    11.392 r  sys_clk_IBUF_BUFG_inst/O
                         net (fo=81, routed)          1.561    12.953    green/sys_clk_IBUF_BUFG
    SLICE_X40Y90         FDRE                                         r  green/i_reg[25]/C
                         clock pessimism              0.429    13.382    
                         clock uncertainty           -0.035    13.346    
    SLICE_X40Y90         FDRE (Setup_fdre_C_R)       -0.429    12.917    green/i_reg[25]
  -------------------------------------------------------------------
                         required time                         12.917    
                         arrival time                          -9.679    
  -------------------------------------------------------------------
                         slack                                  3.238    

Slack (MET) :             3.254ns  (required time - arrival time)
  Source:                 green/i_reg[25]/C
                            (rising edge-triggered cell FDRE clocked by sys_clk_pin  {rise@0.000ns fall@4.000ns period=8.000ns})
  Destination:            green/i_reg[12]/R
                            (rising edge-triggered cell FDRE clocked by sys_clk_pin  {rise@0.000ns fall@4.000ns period=8.000ns})
  Path Group:             sys_clk_pin
  Path Type:              Setup (Max at Slow Process Corner)
  Requirement:            8.000ns  (sys_clk_pin rise@8.000ns - sys_clk_pin rise@0.000ns)
  Data Path Delay:        4.255ns  (logic 0.828ns (19.459%)  route 3.427ns (80.541%))
  Logic Levels:           3  (LUT4=1 LUT5=1 LUT6=1)
  Clock Path Skew:        -0.027ns (DCD - SCD + CPR)
    Destination Clock Delay (DCD):    4.951ns = ( 12.951 - 8.000 ) 
    Source Clock Delay      (SCD):    5.407ns
    Clock Pessimism Removal (CPR):    0.429ns
  Clock Uncertainty:      0.035ns  ((TSJ^2 + TIJ^2)^1/2 + DJ) / 2 + PE
    Total System Jitter     (TSJ):    0.071ns
    Total Input Jitter      (TIJ):    0.000ns
    Discrete Jitter          (DJ):    0.000ns
    Phase Error              (PE):    0.000ns

    Location             Delay type                Incr(ns)  Path(ns)    Netlist Resource(s)
  -------------------------------------------------------------------    -------------------
                         (clock sys_clk_pin rise edge)
                                                      0.000     0.000 r  
    K17                                               0.000     0.000 r  sys_clk (IN)
                         net (fo=0)                   0.000     0.000    sys_clk
    K17                  IBUF (Prop_ibuf_I_O)         1.492     1.492 r  sys_clk_IBUF_inst/O
                         net (fo=1, routed)           2.076     3.568    sys_clk_IBUF
    BUFGCTRL_X0Y16       BUFG (Prop_bufg_I_O)         0.101     3.669 r  sys_clk_IBUF_BUFG_inst/O
                         net (fo=81, routed)          1.738     5.407    green/sys_clk_IBUF_BUFG
    SLICE_X40Y90         FDRE                                         r  green/i_reg[25]/C
  -------------------------------------------------------------------    -------------------
    SLICE_X40Y90         FDRE (Prop_fdre_C_Q)         0.456     5.863 r  green/i_reg[25]/Q
                         net (fo=2, routed)           0.957     6.820    green/i_reg[25]
    SLICE_X41Y86         LUT4 (Prop_lut4_I3_O)        0.124     6.944 f  green/i[0]_i_5__0/O
                         net (fo=1, routed)           0.852     7.796    green/i[0]_i_5__0_n_0
    SLICE_X41Y86         LUT6 (Prop_lut6_I0_O)        0.124     7.920 r  green/i[0]_i_3__0/O
                         net (fo=2, routed)           0.657     8.578    green/led
    SLICE_X43Y81         LUT5 (Prop_lut5_I4_O)        0.124     8.702 r  green/i[0]_i_1__0/O
                         net (fo=26, routed)          0.960     9.662    green/i[0]_i_1__0_n_0
    SLICE_X40Y87         FDRE                                         r  green/i_reg[12]/R
  -------------------------------------------------------------------    -------------------

                         (clock sys_clk_pin rise edge)
                                                      8.000     8.000 r  
    K17                                               0.000     8.000 r  sys_clk (IN)
                         net (fo=0)                   0.000     8.000    sys_clk
    K17                  IBUF (Prop_ibuf_I_O)         1.421     9.421 r  sys_clk_IBUF_inst/O
                         net (fo=1, routed)           1.880    11.301    sys_clk_IBUF
    BUFGCTRL_X0Y16       BUFG (Prop_bufg_I_O)         0.091    11.392 r  sys_clk_IBUF_BUFG_inst/O
                         net (fo=81, routed)          1.559    12.951    green/sys_clk_IBUF_BUFG
    SLICE_X40Y87         FDRE                                         r  green/i_reg[12]/C
                         clock pessimism              0.429    13.380    
                         clock uncertainty           -0.035    13.344    
    SLICE_X40Y87         FDRE (Setup_fdre_C_R)       -0.429    12.915    green/i_reg[12]
  -------------------------------------------------------------------
                         required time                         12.915    
                         arrival time                          -9.662    
  -------------------------------------------------------------------
                         slack                                  3.254    

Slack (MET) :             3.254ns  (required time - arrival time)
  Source:                 green/i_reg[25]/C
                            (rising edge-triggered cell FDRE clocked by sys_clk_pin  {rise@0.000ns fall@4.000ns period=8.000ns})
  Destination:            green/i_reg[13]/R
                            (rising edge-triggered cell FDRE clocked by sys_clk_pin  {rise@0.000ns fall@4.000ns period=8.000ns})
  Path Group:             sys_clk_pin
  Path Type:              Setup (Max at Slow Process Corner)
  Requirement:            8.000ns  (sys_clk_pin rise@8.000ns - sys_clk_pin rise@0.000ns)
  Data Path Delay:        4.255ns  (logic 0.828ns (19.459%)  route 3.427ns (80.541%))
  Logic Levels:           3  (LUT4=1 LUT5=1 LUT6=1)
  Clock Path Skew:        -0.027ns (DCD - SCD + CPR)
    Destination Clock Delay (DCD):    4.951ns = ( 12.951 - 8.000 ) 
    Source Clock Delay      (SCD):    5.407ns
    Clock Pessimism Removal (CPR):    0.429ns
  Clock Uncertainty:      0.035ns  ((TSJ^2 + TIJ^2)^1/2 + DJ) / 2 + PE
    Total System Jitter     (TSJ):    0.071ns
    Total Input Jitter      (TIJ):    0.000ns
    Discrete Jitter          (DJ):    0.000ns
    Phase Error              (PE):    0.000ns

    Location             Delay type                Incr(ns)  Path(ns)    Netlist Resource(s)
  -------------------------------------------------------------------    -------------------
                         (clock sys_clk_pin rise edge)
                                                      0.000     0.000 r  
    K17                                               0.000     0.000 r  sys_clk (IN)
                         net (fo=0)                   0.000     0.000    sys_clk
    K17                  IBUF (Prop_ibuf_I_O)         1.492     1.492 r  sys_clk_IBUF_inst/O
                         net (fo=1, routed)           2.076     3.568    sys_clk_IBUF
    BUFGCTRL_X0Y16       BUFG (Prop_bufg_I_O)         0.101     3.669 r  sys_clk_IBUF_BUFG_inst/O
                         net (fo=81, routed)          1.738     5.407    green/sys_clk_IBUF_BUFG
    SLICE_X40Y90         FDRE                                         r  green/i_reg[25]/C
  -------------------------------------------------------------------    -------------------
    SLICE_X40Y90         FDRE (Prop_fdre_C_Q)         0.456     5.863 r  green/i_reg[25]/Q
                         net (fo=2, routed)           0.957     6.820    green/i_reg[25]
    SLICE_X41Y86         LUT4 (Prop_lut4_I3_O)        0.124     6.944 f  green/i[0]_i_5__0/O
                         net (fo=1, routed)           0.852     7.796    green/i[0]_i_5__0_n_0
    SLICE_X41Y86         LUT6 (Prop_lut6_I0_O)        0.124     7.920 r  green/i[0]_i_3__0/O
                         net (fo=2, routed)           0.657     8.578    green/led
    SLICE_X43Y81         LUT5 (Prop_lut5_I4_O)        0.124     8.702 r  green/i[0]_i_1__0/O
                         net (fo=26, routed)          0.960     9.662    green/i[0]_i_1__0_n_0
    SLICE_X40Y87         FDRE                                         r  green/i_reg[13]/R
  -------------------------------------------------------------------    -------------------

                         (clock sys_clk_pin rise edge)
                                                      8.000     8.000 r  
    K17                                               0.000     8.000 r  sys_clk (IN)
                         net (fo=0)                   0.000     8.000    sys_clk
    K17                  IBUF (Prop_ibuf_I_O)         1.421     9.421 r  sys_clk_IBUF_inst/O
                         net (fo=1, routed)           1.880    11.301    sys_clk_IBUF
    BUFGCTRL_X0Y16       BUFG (Prop_bufg_I_O)         0.091    11.392 r  sys_clk_IBUF_BUFG_inst/O
                         net (fo=81, routed)          1.559    12.951    green/sys_clk_IBUF_BUFG
    SLICE_X40Y87         FDRE                                         r  green/i_reg[13]/C
                         clock pessimism              0.429    13.380    
                         clock uncertainty           -0.035    13.344    
    SLICE_X40Y87         FDRE (Setup_fdre_C_R)       -0.429    12.915    green/i_reg[13]
  -------------------------------------------------------------------
                         required time                         12.915    
                         arrival time                          -9.662    
  -------------------------------------------------------------------
                         slack                                  3.254    

Slack (MET) :             3.254ns  (required time - arrival time)
  Source:                 green/i_reg[25]/C
                            (rising edge-triggered cell FDRE clocked by sys_clk_pin  {rise@0.000ns fall@4.000ns period=8.000ns})
  Destination:            green/i_reg[14]/R
                            (rising edge-triggered cell FDRE clocked by sys_clk_pin  {rise@0.000ns fall@4.000ns period=8.000ns})
  Path Group:             sys_clk_pin
  Path Type:              Setup (Max at Slow Process Corner)
  Requirement:            8.000ns  (sys_clk_pin rise@8.000ns - sys_clk_pin rise@0.000ns)
  Data Path Delay:        4.255ns  (logic 0.828ns (19.459%)  route 3.427ns (80.541%))
  Logic Levels:           3  (LUT4=1 LUT5=1 LUT6=1)
  Clock Path Skew:        -0.027ns (DCD - SCD + CPR)
    Destination Clock Delay (DCD):    4.951ns = ( 12.951 - 8.000 ) 
    Source Clock Delay      (SCD):    5.407ns
    Clock Pessimism Removal (CPR):    0.429ns
  Clock Uncertainty:      0.035ns  ((TSJ^2 + TIJ^2)^1/2 + DJ) / 2 + PE
    Total System Jitter     (TSJ):    0.071ns
    Total Input Jitter      (TIJ):    0.000ns
    Discrete Jitter          (DJ):    0.000ns
    Phase Error              (PE):    0.000ns

    Location             Delay type                Incr(ns)  Path(ns)    Netlist Resource(s)
  -------------------------------------------------------------------    -------------------
                         (clock sys_clk_pin rise edge)
                                                      0.000     0.000 r  
    K17                                               0.000     0.000 r  sys_clk (IN)
                         net (fo=0)                   0.000     0.000    sys_clk
    K17                  IBUF (Prop_ibuf_I_O)         1.492     1.492 r  sys_clk_IBUF_inst/O
                         net (fo=1, routed)           2.076     3.568    sys_clk_IBUF
    BUFGCTRL_X0Y16       BUFG (Prop_bufg_I_O)         0.101     3.669 r  sys_clk_IBUF_BUFG_inst/O
                         net (fo=81, routed)          1.738     5.407    green/sys_clk_IBUF_BUFG
    SLICE_X40Y90         FDRE                                         r  green/i_reg[25]/C
  -------------------------------------------------------------------    -------------------
    SLICE_X40Y90         FDRE (Prop_fdre_C_Q)         0.456     5.863 r  green/i_reg[25]/Q
                         net (fo=2, routed)           0.957     6.820    green/i_reg[25]
    SLICE_X41Y86         LUT4 (Prop_lut4_I3_O)        0.124     6.944 f  green/i[0]_i_5__0/O
                         net (fo=1, routed)           0.852     7.796    green/i[0]_i_5__0_n_0
    SLICE_X41Y86         LUT6 (Prop_lut6_I0_O)        0.124     7.920 r  green/i[0]_i_3__0/O
                         net (fo=2, routed)           0.657     8.578    green/led
    SLICE_X43Y81         LUT5 (Prop_lut5_I4_O)        0.124     8.702 r  green/i[0]_i_1__0/O
                         net (fo=26, routed)          0.960     9.662    green/i[0]_i_1__0_n_0
    SLICE_X40Y87         FDRE                                         r  green/i_reg[14]/R
  -------------------------------------------------------------------    -------------------

                         (clock sys_clk_pin rise edge)
                                                      8.000     8.000 r  
    K17                                               0.000     8.000 r  sys_clk (IN)
                         net (fo=0)                   0.000     8.000    sys_clk
    K17                  IBUF (Prop_ibuf_I_O)         1.421     9.421 r  sys_clk_IBUF_inst/O
                         net (fo=1, routed)           1.880    11.301    sys_clk_IBUF
    BUFGCTRL_X0Y16       BUFG (Prop_bufg_I_O)         0.091    11.392 r  sys_clk_IBUF_BUFG_inst/O
                         net (fo=81, routed)          1.559    12.951    green/sys_clk_IBUF_BUFG
    SLICE_X40Y87         FDRE                                         r  green/i_reg[14]/C
                         clock pessimism              0.429    13.380    
                         clock uncertainty           -0.035    13.344    
    SLICE_X40Y87         FDRE (Setup_fdre_C_R)       -0.429    12.915    green/i_reg[14]
  -------------------------------------------------------------------
                         required time                         12.915    
                         arrival time                          -9.662    
  -------------------------------------------------------------------
                         slack                                  3.254    

Slack (MET) :             3.254ns  (required time - arrival time)
  Source:                 green/i_reg[25]/C
                            (rising edge-triggered cell FDRE clocked by sys_clk_pin  {rise@0.000ns fall@4.000ns period=8.000ns})
  Destination:            green/i_reg[15]/R
                            (rising edge-triggered cell FDRE clocked by sys_clk_pin  {rise@0.000ns fall@4.000ns period=8.000ns})
  Path Group:             sys_clk_pin
  Path Type:              Setup (Max at Slow Process Corner)
  Requirement:            8.000ns  (sys_clk_pin rise@8.000ns - sys_clk_pin rise@0.000ns)
  Data Path Delay:        4.255ns  (logic 0.828ns (19.459%)  route 3.427ns (80.541%))
  Logic Levels:           3  (LUT4=1 LUT5=1 LUT6=1)
  Clock Path Skew:        -0.027ns (DCD - SCD + CPR)
    Destination Clock Delay (DCD):    4.951ns = ( 12.951 - 8.000 ) 
    Source Clock Delay      (SCD):    5.407ns
    Clock Pessimism Removal (CPR):    0.429ns
  Clock Uncertainty:      0.035ns  ((TSJ^2 + TIJ^2)^1/2 + DJ) / 2 + PE
    Total System Jitter     (TSJ):    0.071ns
    Total Input Jitter      (TIJ):    0.000ns
    Discrete Jitter          (DJ):    0.000ns
    Phase Error              (PE):    0.000ns

    Location             Delay type                Incr(ns)  Path(ns)    Netlist Resource(s)
  -------------------------------------------------------------------    -------------------
                         (clock sys_clk_pin rise edge)
                                                      0.000     0.000 r  
    K17                                               0.000     0.000 r  sys_clk (IN)
                         net (fo=0)                   0.000     0.000    sys_clk
    K17                  IBUF (Prop_ibuf_I_O)         1.492     1.492 r  sys_clk_IBUF_inst/O
                         net (fo=1, routed)           2.076     3.568    sys_clk_IBUF
    BUFGCTRL_X0Y16       BUFG (Prop_bufg_I_O)         0.101     3.669 r  sys_clk_IBUF_BUFG_inst/O
                         net (fo=81, routed)          1.738     5.407    green/sys_clk_IBUF_BUFG
    SLICE_X40Y90         FDRE                                         r  green/i_reg[25]/C
  -------------------------------------------------------------------    -------------------
    SLICE_X40Y90         FDRE (Prop_fdre_C_Q)         0.456     5.863 r  green/i_reg[25]/Q
                         net (fo=2, routed)           0.957     6.820    green/i_reg[25]
    SLICE_X41Y86         LUT4 (Prop_lut4_I3_O)        0.124     6.944 f  green/i[0]_i_5__0/O
                         net (fo=1, routed)           0.852     7.796    green/i[0]_i_5__0_n_0
    SLICE_X41Y86         LUT6 (Prop_lut6_I0_O)        0.124     7.920 r  green/i[0]_i_3__0/O
                         net (fo=2, routed)           0.657     8.578    green/led
    SLICE_X43Y81         LUT5 (Prop_lut5_I4_O)        0.124     8.702 r  green/i[0]_i_1__0/O
                         net (fo=26, routed)          0.960     9.662    green/i[0]_i_1__0_n_0
    SLICE_X40Y87         FDRE                                         r  green/i_reg[15]/R
  -------------------------------------------------------------------    -------------------

                         (clock sys_clk_pin rise edge)
                                                      8.000     8.000 r  
    K17                                               0.000     8.000 r  sys_clk (IN)
                         net (fo=0)                   0.000     8.000    sys_clk
    K17                  IBUF (Prop_ibuf_I_O)         1.421     9.421 r  sys_clk_IBUF_inst/O
                         net (fo=1, routed)           1.880    11.301    sys_clk_IBUF
    BUFGCTRL_X0Y16       BUFG (Prop_bufg_I_O)         0.091    11.392 r  sys_clk_IBUF_BUFG_inst/O
                         net (fo=81, routed)          1.559    12.951    green/sys_clk_IBUF_BUFG
    SLICE_X40Y87         FDRE                                         r  green/i_reg[15]/C
                         clock pessimism              0.429    13.380    
                         clock uncertainty           -0.035    13.344    
    SLICE_X40Y87         FDRE (Setup_fdre_C_R)       -0.429    12.915    green/i_reg[15]
  -------------------------------------------------------------------
                         required time                         12.915    
                         arrival time                          -9.662    
  -------------------------------------------------------------------
                         slack                                  3.254    

Slack (MET) :             3.260ns  (required time - arrival time)
  Source:                 green/i_reg[25]/C
                            (rising edge-triggered cell FDRE clocked by sys_clk_pin  {rise@0.000ns fall@4.000ns period=8.000ns})
  Destination:            green/i_reg[16]/R
                            (rising edge-triggered cell FDRE clocked by sys_clk_pin  {rise@0.000ns fall@4.000ns period=8.000ns})
  Path Group:             sys_clk_pin
  Path Type:              Setup (Max at Slow Process Corner)
  Requirement:            8.000ns  (sys_clk_pin rise@8.000ns - sys_clk_pin rise@0.000ns)
  Data Path Delay:        4.250ns  (logic 0.828ns (19.483%)  route 3.422ns (80.517%))
  Logic Levels:           3  (LUT4=1 LUT5=1 LUT6=1)
  Clock Path Skew:        -0.026ns (DCD - SCD + CPR)
    Destination Clock Delay (DCD):    4.952ns = ( 12.952 - 8.000 ) 
    Source Clock Delay      (SCD):    5.407ns
    Clock Pessimism Removal (CPR):    0.429ns
  Clock Uncertainty:      0.035ns  ((TSJ^2 + TIJ^2)^1/2 + DJ) / 2 + PE
    Total System Jitter     (TSJ):    0.071ns
    Total Input Jitter      (TIJ):    0.000ns
    Discrete Jitter          (DJ):    0.000ns
    Phase Error              (PE):    0.000ns

    Location             Delay type                Incr(ns)  Path(ns)    Netlist Resource(s)
  -------------------------------------------------------------------    -------------------
                         (clock sys_clk_pin rise edge)
                                                      0.000     0.000 r  
    K17                                               0.000     0.000 r  sys_clk (IN)
                         net (fo=0)                   0.000     0.000    sys_clk
    K17                  IBUF (Prop_ibuf_I_O)         1.492     1.492 r  sys_clk_IBUF_inst/O
                         net (fo=1, routed)           2.076     3.568    sys_clk_IBUF
    BUFGCTRL_X0Y16       BUFG (Prop_bufg_I_O)         0.101     3.669 r  sys_clk_IBUF_BUFG_inst/O
                         net (fo=81, routed)          1.738     5.407    green/sys_clk_IBUF_BUFG
    SLICE_X40Y90         FDRE                                         r  green/i_reg[25]/C
  -------------------------------------------------------------------    -------------------
    SLICE_X40Y90         FDRE (Prop_fdre_C_Q)         0.456     5.863 r  green/i_reg[25]/Q
                         net (fo=2, routed)           0.957     6.820    green/i_reg[25]
    SLICE_X41Y86         LUT4 (Prop_lut4_I3_O)        0.124     6.944 f  green/i[0]_i_5__0/O
                         net (fo=1, routed)           0.852     7.796    green/i[0]_i_5__0_n_0
    SLICE_X41Y86         LUT6 (Prop_lut6_I0_O)        0.124     7.920 r  green/i[0]_i_3__0/O
                         net (fo=2, routed)           0.657     8.578    green/led
    SLICE_X43Y81         LUT5 (Prop_lut5_I4_O)        0.124     8.702 r  green/i[0]_i_1__0/O
                         net (fo=26, routed)          0.955     9.657    green/i[0]_i_1__0_n_0
    SLICE_X40Y88         FDRE                                         r  green/i_reg[16]/R
  -------------------------------------------------------------------    -------------------

                         (clock sys_clk_pin rise edge)
                                                      8.000     8.000 r  
    K17                                               0.000     8.000 r  sys_clk (IN)
                         net (fo=0)                   0.000     8.000    sys_clk
    K17                  IBUF (Prop_ibuf_I_O)         1.421     9.421 r  sys_clk_IBUF_inst/O
                         net (fo=1, routed)           1.880    11.301    sys_clk_IBUF
    BUFGCTRL_X0Y16       BUFG (Prop_bufg_I_O)         0.091    11.392 r  sys_clk_IBUF_BUFG_inst/O
                         net (fo=81, routed)          1.560    12.952    green/sys_clk_IBUF_BUFG
    SLICE_X40Y88         FDRE                                         r  green/i_reg[16]/C
                         clock pessimism              0.429    13.381    
                         clock uncertainty           -0.035    13.345    
    SLICE_X40Y88         FDRE (Setup_fdre_C_R)       -0.429    12.916    green/i_reg[16]
  -------------------------------------------------------------------
                         required time                         12.916    
                         arrival time                          -9.657    
  -------------------------------------------------------------------
                         slack                                  3.260    

Slack (MET) :             3.260ns  (required time - arrival time)
  Source:                 green/i_reg[25]/C
                            (rising edge-triggered cell FDRE clocked by sys_clk_pin  {rise@0.000ns fall@4.000ns period=8.000ns})
  Destination:            green/i_reg[17]/R
                            (rising edge-triggered cell FDRE clocked by sys_clk_pin  {rise@0.000ns fall@4.000ns period=8.000ns})
  Path Group:             sys_clk_pin
  Path Type:              Setup (Max at Slow Process Corner)
  Requirement:            8.000ns  (sys_clk_pin rise@8.000ns - sys_clk_pin rise@0.000ns)
  Data Path Delay:        4.250ns  (logic 0.828ns (19.483%)  route 3.422ns (80.517%))
  Logic Levels:           3  (LUT4=1 LUT5=1 LUT6=1)
  Clock Path Skew:        -0.026ns (DCD - SCD + CPR)
    Destination Clock Delay (DCD):    4.952ns = ( 12.952 - 8.000 ) 
    Source Clock Delay      (SCD):    5.407ns
    Clock Pessimism Removal (CPR):    0.429ns
  Clock Uncertainty:      0.035ns  ((TSJ^2 + TIJ^2)^1/2 + DJ) / 2 + PE
    Total System Jitter     (TSJ):    0.071ns
    Total Input Jitter      (TIJ):    0.000ns
    Discrete Jitter          (DJ):    0.000ns
    Phase Error              (PE):    0.000ns

    Location             Delay type                Incr(ns)  Path(ns)    Netlist Resource(s)
  -------------------------------------------------------------------    -------------------
                         (clock sys_clk_pin rise edge)
                                                      0.000     0.000 r  
    K17                                               0.000     0.000 r  sys_clk (IN)
                         net (fo=0)                   0.000     0.000    sys_clk
    K17                  IBUF (Prop_ibuf_I_O)         1.492     1.492 r  sys_clk_IBUF_inst/O
                         net (fo=1, routed)           2.076     3.568    sys_clk_IBUF
    BUFGCTRL_X0Y16       BUFG (Prop_bufg_I_O)         0.101     3.669 r  sys_clk_IBUF_BUFG_inst/O
                         net (fo=81, routed)          1.738     5.407    green/sys_clk_IBUF_BUFG
    SLICE_X40Y90         FDRE                                         r  green/i_reg[25]/C
  -------------------------------------------------------------------    -------------------
    SLICE_X40Y90         FDRE (Prop_fdre_C_Q)         0.456     5.863 r  green/i_reg[25]/Q
                         net (fo=2, routed)           0.957     6.820    green/i_reg[25]
    SLICE_X41Y86         LUT4 (Prop_lut4_I3_O)        0.124     6.944 f  green/i[0]_i_5__0/O
                         net (fo=1, routed)           0.852     7.796    green/i[0]_i_5__0_n_0
    SLICE_X41Y86         LUT6 (Prop_lut6_I0_O)        0.124     7.920 r  green/i[0]_i_3__0/O
                         net (fo=2, routed)           0.657     8.578    green/led
    SLICE_X43Y81         LUT5 (Prop_lut5_I4_O)        0.124     8.702 r  green/i[0]_i_1__0/O
                         net (fo=26, routed)          0.955     9.657    green/i[0]_i_1__0_n_0
    SLICE_X40Y88         FDRE                                         r  green/i_reg[17]/R
  -------------------------------------------------------------------    -------------------

                         (clock sys_clk_pin rise edge)
                                                      8.000     8.000 r  
    K17                                               0.000     8.000 r  sys_clk (IN)
                         net (fo=0)                   0.000     8.000    sys_clk
    K17                  IBUF (Prop_ibuf_I_O)         1.421     9.421 r  sys_clk_IBUF_inst/O
                         net (fo=1, routed)           1.880    11.301    sys_clk_IBUF
    BUFGCTRL_X0Y16       BUFG (Prop_bufg_I_O)         0.091    11.392 r  sys_clk_IBUF_BUFG_inst/O
                         net (fo=81, routed)          1.560    12.952    green/sys_clk_IBUF_BUFG
    SLICE_X40Y88         FDRE                                         r  green/i_reg[17]/C
                         clock pessimism              0.429    13.381    
                         clock uncertainty           -0.035    13.345    
    SLICE_X40Y88         FDRE (Setup_fdre_C_R)       -0.429    12.916    green/i_reg[17]
  -------------------------------------------------------------------
                         required time                         12.916    
                         arrival time                          -9.657    
  -------------------------------------------------------------------
                         slack                                  3.260    

Slack (MET) :             3.260ns  (required time - arrival time)
  Source:                 green/i_reg[25]/C
                            (rising edge-triggered cell FDRE clocked by sys_clk_pin  {rise@0.000ns fall@4.000ns period=8.000ns})
  Destination:            green/i_reg[18]/R
                            (rising edge-triggered cell FDRE clocked by sys_clk_pin  {rise@0.000ns fall@4.000ns period=8.000ns})
  Path Group:             sys_clk_pin
  Path Type:              Setup (Max at Slow Process Corner)
  Requirement:            8.000ns  (sys_clk_pin rise@8.000ns - sys_clk_pin rise@0.000ns)
  Data Path Delay:        4.250ns  (logic 0.828ns (19.483%)  route 3.422ns (80.517%))
  Logic Levels:           3  (LUT4=1 LUT5=1 LUT6=1)
  Clock Path Skew:        -0.026ns (DCD - SCD + CPR)
    Destination Clock Delay (DCD):    4.952ns = ( 12.952 - 8.000 ) 
    Source Clock Delay      (SCD):    5.407ns
    Clock Pessimism Removal (CPR):    0.429ns
  Clock Uncertainty:      0.035ns  ((TSJ^2 + TIJ^2)^1/2 + DJ) / 2 + PE
    Total System Jitter     (TSJ):    0.071ns
    Total Input Jitter      (TIJ):    0.000ns
    Discrete Jitter          (DJ):    0.000ns
    Phase Error              (PE):    0.000ns

    Location             Delay type                Incr(ns)  Path(ns)    Netlist Resource(s)
  -------------------------------------------------------------------    -------------------
                         (clock sys_clk_pin rise edge)
                                                      0.000     0.000 r  
    K17                                               0.000     0.000 r  sys_clk (IN)
                         net (fo=0)                   0.000     0.000    sys_clk
    K17                  IBUF (Prop_ibuf_I_O)         1.492     1.492 r  sys_clk_IBUF_inst/O
                         net (fo=1, routed)           2.076     3.568    sys_clk_IBUF
    BUFGCTRL_X0Y16       BUFG (Prop_bufg_I_O)         0.101     3.669 r  sys_clk_IBUF_BUFG_inst/O
                         net (fo=81, routed)          1.738     5.407    green/sys_clk_IBUF_BUFG
    SLICE_X40Y90         FDRE                                         r  green/i_reg[25]/C
  -------------------------------------------------------------------    -------------------
    SLICE_X40Y90         FDRE (Prop_fdre_C_Q)         0.456     5.863 r  green/i_reg[25]/Q
                         net (fo=2, routed)           0.957     6.820    green/i_reg[25]
    SLICE_X41Y86         LUT4 (Prop_lut4_I3_O)        0.124     6.944 f  green/i[0]_i_5__0/O
                         net (fo=1, routed)           0.852     7.796    green/i[0]_i_5__0_n_0
    SLICE_X41Y86         LUT6 (Prop_lut6_I0_O)        0.124     7.920 r  green/i[0]_i_3__0/O
                         net (fo=2, routed)           0.657     8.578    green/led
    SLICE_X43Y81         LUT5 (Prop_lut5_I4_O)        0.124     8.702 r  green/i[0]_i_1__0/O
                         net (fo=26, routed)          0.955     9.657    green/i[0]_i_1__0_n_0
    SLICE_X40Y88         FDRE                                         r  green/i_reg[18]/R
  -------------------------------------------------------------------    -------------------

                         (clock sys_clk_pin rise edge)
                                                      8.000     8.000 r  
    K17                                               0.000     8.000 r  sys_clk (IN)
                         net (fo=0)                   0.000     8.000    sys_clk
    K17                  IBUF (Prop_ibuf_I_O)         1.421     9.421 r  sys_clk_IBUF_inst/O
                         net (fo=1, routed)           1.880    11.301    sys_clk_IBUF
    BUFGCTRL_X0Y16       BUFG (Prop_bufg_I_O)         0.091    11.392 r  sys_clk_IBUF_BUFG_inst/O
                         net (fo=81, routed)          1.560    12.952    green/sys_clk_IBUF_BUFG
    SLICE_X40Y88         FDRE                                         r  green/i_reg[18]/C
                         clock pessimism              0.429    13.381    
                         clock uncertainty           -0.035    13.345    
    SLICE_X40Y88         FDRE (Setup_fdre_C_R)       -0.429    12.916    green/i_reg[18]
  -------------------------------------------------------------------
                         required time                         12.916    
                         arrival time                          -9.657    
  -------------------------------------------------------------------
                         slack                                  3.260    

Slack (MET) :             3.260ns  (required time - arrival time)
  Source:                 green/i_reg[25]/C
                            (rising edge-triggered cell FDRE clocked by sys_clk_pin  {rise@0.000ns fall@4.000ns period=8.000ns})
  Destination:            green/i_reg[19]/R
                            (rising edge-triggered cell FDRE clocked by sys_clk_pin  {rise@0.000ns fall@4.000ns period=8.000ns})
  Path Group:             sys_clk_pin
  Path Type:              Setup (Max at Slow Process Corner)
  Requirement:            8.000ns  (sys_clk_pin rise@8.000ns - sys_clk_pin rise@0.000ns)
  Data Path Delay:        4.250ns  (logic 0.828ns (19.483%)  route 3.422ns (80.517%))
  Logic Levels:           3  (LUT4=1 LUT5=1 LUT6=1)
  Clock Path Skew:        -0.026ns (DCD - SCD + CPR)
    Destination Clock Delay (DCD):    4.952ns = ( 12.952 - 8.000 ) 
    Source Clock Delay      (SCD):    5.407ns
    Clock Pessimism Removal (CPR):    0.429ns
  Clock Uncertainty:      0.035ns  ((TSJ^2 + TIJ^2)^1/2 + DJ) / 2 + PE
    Total System Jitter     (TSJ):    0.071ns
    Total Input Jitter      (TIJ):    0.000ns
    Discrete Jitter          (DJ):    0.000ns
    Phase Error              (PE):    0.000ns

    Location             Delay type                Incr(ns)  Path(ns)    Netlist Resource(s)
  -------------------------------------------------------------------    -------------------
                         (clock sys_clk_pin rise edge)
                                                      0.000     0.000 r  
    K17                                               0.000     0.000 r  sys_clk (IN)
                         net (fo=0)                   0.000     0.000    sys_clk
    K17                  IBUF (Prop_ibuf_I_O)         1.492     1.492 r  sys_clk_IBUF_inst/O
                         net (fo=1, routed)           2.076     3.568    sys_clk_IBUF
    BUFGCTRL_X0Y16       BUFG (Prop_bufg_I_O)         0.101     3.669 r  sys_clk_IBUF_BUFG_inst/O
                         net (fo=81, routed)          1.738     5.407    green/sys_clk_IBUF_BUFG
    SLICE_X40Y90         FDRE                                         r  green/i_reg[25]/C
  -------------------------------------------------------------------    -------------------
    SLICE_X40Y90         FDRE (Prop_fdre_C_Q)         0.456     5.863 r  green/i_reg[25]/Q
                         net (fo=2, routed)           0.957     6.820    green/i_reg[25]
    SLICE_X41Y86         LUT4 (Prop_lut4_I3_O)        0.124     6.944 f  green/i[0]_i_5__0/O
                         net (fo=1, routed)           0.852     7.796    green/i[0]_i_5__0_n_0
    SLICE_X41Y86         LUT6 (Prop_lut6_I0_O)        0.124     7.920 r  green/i[0]_i_3__0/O
                         net (fo=2, routed)           0.657     8.578    green/led
    SLICE_X43Y81         LUT5 (Prop_lut5_I4_O)        0.124     8.702 r  green/i[0]_i_1__0/O
                         net (fo=26, routed)          0.955     9.657    green/i[0]_i_1__0_n_0
    SLICE_X40Y88         FDRE                                         r  green/i_reg[19]/R
  -------------------------------------------------------------------    -------------------

                         (clock sys_clk_pin rise edge)
                                                      8.000     8.000 r  
    K17                                               0.000     8.000 r  sys_clk (IN)
                         net (fo=0)                   0.000     8.000    sys_clk
    K17                  IBUF (Prop_ibuf_I_O)         1.421     9.421 r  sys_clk_IBUF_inst/O
                         net (fo=1, routed)           1.880    11.301    sys_clk_IBUF
    BUFGCTRL_X0Y16       BUFG (Prop_bufg_I_O)         0.091    11.392 r  sys_clk_IBUF_BUFG_inst/O
                         net (fo=81, routed)          1.560    12.952    green/sys_clk_IBUF_BUFG
    SLICE_X40Y88         FDRE                                         r  green/i_reg[19]/C
                         clock pessimism              0.429    13.381    
                         clock uncertainty           -0.035    13.345    
    SLICE_X40Y88         FDRE (Setup_fdre_C_R)       -0.429    12.916    green/i_reg[19]
  -------------------------------------------------------------------
                         required time                         12.916    
                         arrival time                          -9.657    
  -------------------------------------------------------------------
                         slack                                  3.260    





Min Delay Paths
--------------------------------------------------------------------------------------
Slack (MET) :             0.263ns  (arrival time - required time)
  Source:                 red/led_reg/C
                            (rising edge-triggered cell FDRE clocked by sys_clk_pin  {rise@0.000ns fall@4.000ns period=8.000ns})
  Destination:            red/led_reg/D
                            (rising edge-triggered cell FDRE clocked by sys_clk_pin  {rise@0.000ns fall@4.000ns period=8.000ns})
  Path Group:             sys_clk_pin
  Path Type:              Hold (Min at Fast Process Corner)
  Requirement:            0.000ns  (sys_clk_pin rise@0.000ns - sys_clk_pin rise@0.000ns)
  Data Path Delay:        0.354ns  (logic 0.186ns (52.498%)  route 0.168ns (47.502%))
  Logic Levels:           1  (LUT6=1)
  Clock Path Skew:        0.000ns (DCD - SCD - CPR)
    Destination Clock Delay (DCD):    2.015ns
    Source Clock Delay      (SCD):    1.501ns
    Clock Pessimism Removal (CPR):    0.514ns

    Location             Delay type                Incr(ns)  Path(ns)    Netlist Resource(s)
  -------------------------------------------------------------------    -------------------
                         (clock sys_clk_pin rise edge)
                                                      0.000     0.000 r  
    K17                                               0.000     0.000 r  sys_clk (IN)
                         net (fo=0)                   0.000     0.000    sys_clk
    K17                  IBUF (Prop_ibuf_I_O)         0.259     0.259 r  sys_clk_IBUF_inst/O
                         net (fo=1, routed)           0.627     0.887    sys_clk_IBUF
    BUFGCTRL_X0Y16       BUFG (Prop_bufg_I_O)         0.026     0.913 r  sys_clk_IBUF_BUFG_inst/O
                         net (fo=81, routed)          0.589     1.501    red/sys_clk_IBUF_BUFG
    SLICE_X43Y16         FDRE                                         r  red/led_reg/C
  -------------------------------------------------------------------    -------------------
    SLICE_X43Y16         FDRE (Prop_fdre_C_Q)         0.141     1.642 r  red/led_reg/Q
                         net (fo=2, routed)           0.168     1.811    red/rgb_out_OBUF[0]
    SLICE_X43Y16         LUT6 (Prop_lut6_I0_O)        0.045     1.856 r  red/led_i_1/O
                         net (fo=1, routed)           0.000     1.856    red/led_i_1_n_0
    SLICE_X43Y16         FDRE                                         r  red/led_reg/D
  -------------------------------------------------------------------    -------------------

                         (clock sys_clk_pin rise edge)
                                                      0.000     0.000 r  
    K17                                               0.000     0.000 r  sys_clk (IN)
                         net (fo=0)                   0.000     0.000    sys_clk
    K17                  IBUF (Prop_ibuf_I_O)         0.447     0.447 r  sys_clk_IBUF_inst/O
                         net (fo=1, routed)           0.683     1.130    sys_clk_IBUF
    BUFGCTRL_X0Y16       BUFG (Prop_bufg_I_O)         0.029     1.159 r  sys_clk_IBUF_BUFG_inst/O
                         net (fo=81, routed)          0.856     2.015    red/sys_clk_IBUF_BUFG
    SLICE_X43Y16         FDRE                                         r  red/led_reg/C
                         clock pessimism             -0.514     1.501    
    SLICE_X43Y16         FDRE (Hold_fdre_C_D)         0.091     1.592    red/led_reg
  -------------------------------------------------------------------
                         required time                         -1.592    
                         arrival time                           1.856    
  -------------------------------------------------------------------
                         slack                                  0.263    

Slack (MET) :             0.265ns  (arrival time - required time)
  Source:                 blue/led_reg/C
                            (rising edge-triggered cell FDRE clocked by sys_clk_pin  {rise@0.000ns fall@4.000ns period=8.000ns})
  Destination:            blue/led_reg/D
                            (rising edge-triggered cell FDRE clocked by sys_clk_pin  {rise@0.000ns fall@4.000ns period=8.000ns})
  Path Group:             sys_clk_pin
  Path Type:              Hold (Min at Fast Process Corner)
  Requirement:            0.000ns  (sys_clk_pin rise@0.000ns - sys_clk_pin rise@0.000ns)
  Data Path Delay:        0.356ns  (logic 0.186ns (52.178%)  route 0.170ns (47.822%))
  Logic Levels:           1  (LUT6=1)
  Clock Path Skew:        0.000ns (DCD - SCD - CPR)
    Destination Clock Delay (DCD):    2.008ns
    Source Clock Delay      (SCD):    1.493ns
    Clock Pessimism Removal (CPR):    0.515ns

    Location             Delay type                Incr(ns)  Path(ns)    Netlist Resource(s)
  -------------------------------------------------------------------    -------------------
                         (clock sys_clk_pin rise edge)
                                                      0.000     0.000 r  
    K17                                               0.000     0.000 r  sys_clk (IN)
                         net (fo=0)                   0.000     0.000    sys_clk
    K17                  IBUF (Prop_ibuf_I_O)         0.259     0.259 r  sys_clk_IBUF_inst/O
                         net (fo=1, routed)           0.627     0.887    sys_clk_IBUF
    BUFGCTRL_X0Y16       BUFG (Prop_bufg_I_O)         0.026     0.913 r  sys_clk_IBUF_BUFG_inst/O
                         net (fo=81, routed)          0.581     1.493    blue/sys_clk_IBUF_BUFG
    SLICE_X43Y81         FDRE                                         r  blue/led_reg/C
  -------------------------------------------------------------------    -------------------
    SLICE_X43Y81         FDRE (Prop_fdre_C_Q)         0.141     1.634 r  blue/led_reg/Q
                         net (fo=2, routed)           0.170     1.805    blue/rgb_out_OBUF[0]
    SLICE_X43Y81         LUT6 (Prop_lut6_I0_O)        0.045     1.850 r  blue/led_i_1__1/O
                         net (fo=1, routed)           0.000     1.850    blue/led_i_1__1_n_0
    SLICE_X43Y81         FDRE                                         r  blue/led_reg/D
  -------------------------------------------------------------------    -------------------

                         (clock sys_clk_pin rise edge)
                                                      0.000     0.000 r  
    K17                                               0.000     0.000 r  sys_clk (IN)
                         net (fo=0)                   0.000     0.000    sys_clk
    K17                  IBUF (Prop_ibuf_I_O)         0.447     0.447 r  sys_clk_IBUF_inst/O
                         net (fo=1, routed)           0.683     1.130    sys_clk_IBUF
    BUFGCTRL_X0Y16       BUFG (Prop_bufg_I_O)         0.029     1.159 r  sys_clk_IBUF_BUFG_inst/O
                         net (fo=81, routed)          0.849     2.008    blue/sys_clk_IBUF_BUFG
    SLICE_X43Y81         FDRE                                         r  blue/led_reg/C
                         clock pessimism             -0.515     1.493    
    SLICE_X43Y81         FDRE (Hold_fdre_C_D)         0.091     1.584    blue/led_reg
  -------------------------------------------------------------------
                         required time                         -1.584    
                         arrival time                           1.850    
  -------------------------------------------------------------------
                         slack                                  0.265    

Slack (MET) :             0.266ns  (arrival time - required time)
  Source:                 blue/i_reg[10]/C
                            (rising edge-triggered cell FDRE clocked by sys_clk_pin  {rise@0.000ns fall@4.000ns period=8.000ns})
  Destination:            blue/i_reg[10]/D
                            (rising edge-triggered cell FDRE clocked by sys_clk_pin  {rise@0.000ns fall@4.000ns period=8.000ns})
  Path Group:             sys_clk_pin
  Path Type:              Hold (Min at Fast Process Corner)
  Requirement:            0.000ns  (sys_clk_pin rise@0.000ns - sys_clk_pin rise@0.000ns)
  Data Path Delay:        0.400ns  (logic 0.274ns (68.524%)  route 0.126ns (31.476%))
  Logic Levels:           1  (CARRY4=1)
  Clock Path Skew:        0.000ns (DCD - SCD - CPR)
    Destination Clock Delay (DCD):    2.009ns
    Source Clock Delay      (SCD):    1.494ns
    Clock Pessimism Removal (CPR):    0.515ns

    Location             Delay type                Incr(ns)  Path(ns)    Netlist Resource(s)
  -------------------------------------------------------------------    -------------------
                         (clock sys_clk_pin rise edge)
                                                      0.000     0.000 r  
    K17                                               0.000     0.000 r  sys_clk (IN)
                         net (fo=0)                   0.000     0.000    sys_clk
    K17                  IBUF (Prop_ibuf_I_O)         0.259     0.259 r  sys_clk_IBUF_inst/O
                         net (fo=1, routed)           0.627     0.887    sys_clk_IBUF
    BUFGCTRL_X0Y16       BUFG (Prop_bufg_I_O)         0.026     0.913 r  sys_clk_IBUF_BUFG_inst/O
                         net (fo=81, routed)          0.582     1.494    blue/sys_clk_IBUF_BUFG
    SLICE_X42Y82         FDRE                                         r  blue/i_reg[10]/C
  -------------------------------------------------------------------    -------------------
    SLICE_X42Y82         FDRE (Prop_fdre_C_Q)         0.164     1.658 r  blue/i_reg[10]/Q
                         net (fo=2, routed)           0.126     1.784    blue/i_reg[10]
    SLICE_X42Y82         CARRY4 (Prop_carry4_S[2]_O[2])
                                                      0.110     1.894 r  blue/i_reg[8]_i_1__1/O[2]
                         net (fo=1, routed)           0.000     1.894    blue/i_reg[8]_i_1__1_n_5
    SLICE_X42Y82         FDRE                                         r  blue/i_reg[10]/D
  -------------------------------------------------------------------    -------------------

                         (clock sys_clk_pin rise edge)
                                                      0.000     0.000 r  
    K17                                               0.000     0.000 r  sys_clk (IN)
                         net (fo=0)                   0.000     0.000    sys_clk
    K17                  IBUF (Prop_ibuf_I_O)         0.447     0.447 r  sys_clk_IBUF_inst/O
                         net (fo=1, routed)           0.683     1.130    sys_clk_IBUF
    BUFGCTRL_X0Y16       BUFG (Prop_bufg_I_O)         0.029     1.159 r  sys_clk_IBUF_BUFG_inst/O
                         net (fo=81, routed)          0.850     2.009    blue/sys_clk_IBUF_BUFG
    SLICE_X42Y82         FDRE                                         r  blue/i_reg[10]/C
                         clock pessimism             -0.515     1.494    
    SLICE_X42Y82         FDRE (Hold_fdre_C_D)         0.134     1.628    blue/i_reg[10]
  -------------------------------------------------------------------
                         required time                         -1.628    
                         arrival time                           1.894    
  -------------------------------------------------------------------
                         slack                                  0.266    

Slack (MET) :             0.266ns  (arrival time - required time)
  Source:                 red/i_reg[10]/C
                            (rising edge-triggered cell FDRE clocked by sys_clk_pin  {rise@0.000ns fall@4.000ns period=8.000ns})
  Destination:            red/i_reg[10]/D
                            (rising edge-triggered cell FDRE clocked by sys_clk_pin  {rise@0.000ns fall@4.000ns period=8.000ns})
  Path Group:             sys_clk_pin
  Path Type:              Hold (Min at Fast Process Corner)
  Requirement:            0.000ns  (sys_clk_pin rise@0.000ns - sys_clk_pin rise@0.000ns)
  Data Path Delay:        0.400ns  (logic 0.274ns (68.524%)  route 0.126ns (31.476%))
  Logic Levels:           1  (CARRY4=1)
  Clock Path Skew:        0.000ns (DCD - SCD - CPR)
    Destination Clock Delay (DCD):    2.018ns
    Source Clock Delay      (SCD):    1.503ns
    Clock Pessimism Removal (CPR):    0.515ns

    Location             Delay type                Incr(ns)  Path(ns)    Netlist Resource(s)
  -------------------------------------------------------------------    -------------------
                         (clock sys_clk_pin rise edge)
                                                      0.000     0.000 r  
    K17                                               0.000     0.000 r  sys_clk (IN)
                         net (fo=0)                   0.000     0.000    sys_clk
    K17                  IBUF (Prop_ibuf_I_O)         0.259     0.259 r  sys_clk_IBUF_inst/O
                         net (fo=1, routed)           0.627     0.887    sys_clk_IBUF
    BUFGCTRL_X0Y16       BUFG (Prop_bufg_I_O)         0.026     0.913 r  sys_clk_IBUF_BUFG_inst/O
                         net (fo=81, routed)          0.591     1.503    red/sys_clk_IBUF_BUFG
    SLICE_X42Y12         FDRE                                         r  red/i_reg[10]/C
  -------------------------------------------------------------------    -------------------
    SLICE_X42Y12         FDRE (Prop_fdre_C_Q)         0.164     1.667 r  red/i_reg[10]/Q
                         net (fo=2, routed)           0.126     1.793    red/i_reg[10]
    SLICE_X42Y12         CARRY4 (Prop_carry4_S[2]_O[2])
                                                      0.110     1.903 r  red/i_reg[8]_i_1/O[2]
                         net (fo=1, routed)           0.000     1.903    red/i_reg[8]_i_1_n_5
    SLICE_X42Y12         FDRE                                         r  red/i_reg[10]/D
  -------------------------------------------------------------------    -------------------

                         (clock sys_clk_pin rise edge)
                                                      0.000     0.000 r  
    K17                                               0.000     0.000 r  sys_clk (IN)
                         net (fo=0)                   0.000     0.000    sys_clk
    K17                  IBUF (Prop_ibuf_I_O)         0.447     0.447 r  sys_clk_IBUF_inst/O
                         net (fo=1, routed)           0.683     1.130    sys_clk_IBUF
    BUFGCTRL_X0Y16       BUFG (Prop_bufg_I_O)         0.029     1.159 r  sys_clk_IBUF_BUFG_inst/O
                         net (fo=81, routed)          0.859     2.018    red/sys_clk_IBUF_BUFG
    SLICE_X42Y12         FDRE                                         r  red/i_reg[10]/C
                         clock pessimism             -0.515     1.503    
    SLICE_X42Y12         FDRE (Hold_fdre_C_D)         0.134     1.637    red/i_reg[10]
  -------------------------------------------------------------------
                         required time                         -1.637    
                         arrival time                           1.903    
  -------------------------------------------------------------------
                         slack                                  0.266    

Slack (MET) :             0.267ns  (arrival time - required time)
  Source:                 blue/i_reg[6]/C
                            (rising edge-triggered cell FDRE clocked by sys_clk_pin  {rise@0.000ns fall@4.000ns period=8.000ns})
  Destination:            blue/i_reg[6]/D
                            (rising edge-triggered cell FDRE clocked by sys_clk_pin  {rise@0.000ns fall@4.000ns period=8.000ns})
  Path Group:             sys_clk_pin
  Path Type:              Hold (Min at Fast Process Corner)
  Requirement:            0.000ns  (sys_clk_pin rise@0.000ns - sys_clk_pin rise@0.000ns)
  Data Path Delay:        0.401ns  (logic 0.274ns (68.412%)  route 0.127ns (31.588%))
  Logic Levels:           1  (CARRY4=1)
  Clock Path Skew:        0.000ns (DCD - SCD - CPR)
    Destination Clock Delay (DCD):    2.008ns
    Source Clock Delay      (SCD):    1.493ns
    Clock Pessimism Removal (CPR):    0.515ns

    Location             Delay type                Incr(ns)  Path(ns)    Netlist Resource(s)
  -------------------------------------------------------------------    -------------------
                         (clock sys_clk_pin rise edge)
                                                      0.000     0.000 r  
    K17                                               0.000     0.000 r  sys_clk (IN)
                         net (fo=0)                   0.000     0.000    sys_clk
    K17                  IBUF (Prop_ibuf_I_O)         0.259     0.259 r  sys_clk_IBUF_inst/O
                         net (fo=1, routed)           0.627     0.887    sys_clk_IBUF
    BUFGCTRL_X0Y16       BUFG (Prop_bufg_I_O)         0.026     0.913 r  sys_clk_IBUF_BUFG_inst/O
                         net (fo=81, routed)          0.581     1.493    blue/sys_clk_IBUF_BUFG
    SLICE_X42Y81         FDRE                                         r  blue/i_reg[6]/C
  -------------------------------------------------------------------    -------------------
    SLICE_X42Y81         FDRE (Prop_fdre_C_Q)         0.164     1.657 r  blue/i_reg[6]/Q
                         net (fo=2, routed)           0.127     1.784    blue/i_reg[6]
    SLICE_X42Y81         CARRY4 (Prop_carry4_S[2]_O[2])
                                                      0.110     1.894 r  blue/i_reg[4]_i_1__1/O[2]
                         net (fo=1, routed)           0.000     1.894    blue/i_reg[4]_i_1__1_n_5
    SLICE_X42Y81         FDRE                                         r  blue/i_reg[6]/D
  -------------------------------------------------------------------    -------------------

                         (clock sys_clk_pin rise edge)
                                                      0.000     0.000 r  
    K17                                               0.000     0.000 r  sys_clk (IN)
                         net (fo=0)                   0.000     0.000    sys_clk
    K17                  IBUF (Prop_ibuf_I_O)         0.447     0.447 r  sys_clk_IBUF_inst/O
                         net (fo=1, routed)           0.683     1.130    sys_clk_IBUF
    BUFGCTRL_X0Y16       BUFG (Prop_bufg_I_O)         0.029     1.159 r  sys_clk_IBUF_BUFG_inst/O
                         net (fo=81, routed)          0.849     2.008    blue/sys_clk_IBUF_BUFG
    SLICE_X42Y81         FDRE                                         r  blue/i_reg[6]/C
                         clock pessimism             -0.515     1.493    
    SLICE_X42Y81         FDRE (Hold_fdre_C_D)         0.134     1.627    blue/i_reg[6]
  -------------------------------------------------------------------
                         required time                         -1.627    
                         arrival time                           1.894    
  -------------------------------------------------------------------
                         slack                                  0.267    

Slack (MET) :             0.267ns  (arrival time - required time)
  Source:                 blue/i_reg[2]/C
                            (rising edge-triggered cell FDRE clocked by sys_clk_pin  {rise@0.000ns fall@4.000ns period=8.000ns})
  Destination:            blue/i_reg[2]/D
                            (rising edge-triggered cell FDRE clocked by sys_clk_pin  {rise@0.000ns fall@4.000ns period=8.000ns})
  Path Group:             sys_clk_pin
  Path Type:              Hold (Min at Fast Process Corner)
  Requirement:            0.000ns  (sys_clk_pin rise@0.000ns - sys_clk_pin rise@0.000ns)
  Data Path Delay:        0.401ns  (logic 0.274ns (68.412%)  route 0.127ns (31.588%))
  Logic Levels:           1  (CARRY4=1)
  Clock Path Skew:        0.000ns (DCD - SCD - CPR)
    Destination Clock Delay (DCD):    2.007ns
    Source Clock Delay      (SCD):    1.492ns
    Clock Pessimism Removal (CPR):    0.515ns

    Location             Delay type                Incr(ns)  Path(ns)    Netlist Resource(s)
  -------------------------------------------------------------------    -------------------
                         (clock sys_clk_pin rise edge)
                                                      0.000     0.000 r  
    K17                                               0.000     0.000 r  sys_clk (IN)
                         net (fo=0)                   0.000     0.000    sys_clk
    K17                  IBUF (Prop_ibuf_I_O)         0.259     0.259 r  sys_clk_IBUF_inst/O
                         net (fo=1, routed)           0.627     0.887    sys_clk_IBUF
    BUFGCTRL_X0Y16       BUFG (Prop_bufg_I_O)         0.026     0.913 r  sys_clk_IBUF_BUFG_inst/O
                         net (fo=81, routed)          0.580     1.492    blue/sys_clk_IBUF_BUFG
    SLICE_X42Y80         FDRE                                         r  blue/i_reg[2]/C
  -------------------------------------------------------------------    -------------------
    SLICE_X42Y80         FDRE (Prop_fdre_C_Q)         0.164     1.656 r  blue/i_reg[2]/Q
                         net (fo=2, routed)           0.127     1.783    blue/i_reg[2]
    SLICE_X42Y80         CARRY4 (Prop_carry4_S[2]_O[2])
                                                      0.110     1.893 r  blue/i_reg[0]_i_2__1/O[2]
                         net (fo=1, routed)           0.000     1.893    blue/i_reg[0]_i_2__1_n_5
    SLICE_X42Y80         FDRE                                         r  blue/i_reg[2]/D
  -------------------------------------------------------------------    -------------------

                         (clock sys_clk_pin rise edge)
                                                      0.000     0.000 r  
    K17                                               0.000     0.000 r  sys_clk (IN)
                         net (fo=0)                   0.000     0.000    sys_clk
    K17                  IBUF (Prop_ibuf_I_O)         0.447     0.447 r  sys_clk_IBUF_inst/O
                         net (fo=1, routed)           0.683     1.130    sys_clk_IBUF
    BUFGCTRL_X0Y16       BUFG (Prop_bufg_I_O)         0.029     1.159 r  sys_clk_IBUF_BUFG_inst/O
                         net (fo=81, routed)          0.848     2.007    blue/sys_clk_IBUF_BUFG
    SLICE_X42Y80         FDRE                                         r  blue/i_reg[2]/C
                         clock pessimism             -0.515     1.492    
    SLICE_X42Y80         FDRE (Hold_fdre_C_D)         0.134     1.626    blue/i_reg[2]
  -------------------------------------------------------------------
                         required time                         -1.626    
                         arrival time                           1.893    
  -------------------------------------------------------------------
                         slack                                  0.267    

Slack (MET) :             0.267ns  (arrival time - required time)
  Source:                 red/i_reg[22]/C
                            (rising edge-triggered cell FDRE clocked by sys_clk_pin  {rise@0.000ns fall@4.000ns period=8.000ns})
  Destination:            red/i_reg[22]/D
                            (rising edge-triggered cell FDRE clocked by sys_clk_pin  {rise@0.000ns fall@4.000ns period=8.000ns})
  Path Group:             sys_clk_pin
  Path Type:              Hold (Min at Fast Process Corner)
  Requirement:            0.000ns  (sys_clk_pin rise@0.000ns - sys_clk_pin rise@0.000ns)
  Data Path Delay:        0.401ns  (logic 0.274ns (68.412%)  route 0.127ns (31.588%))
  Logic Levels:           1  (CARRY4=1)
  Clock Path Skew:        0.000ns (DCD - SCD - CPR)
    Destination Clock Delay (DCD):    2.016ns
    Source Clock Delay      (SCD):    1.502ns
    Clock Pessimism Removal (CPR):    0.514ns

    Location             Delay type                Incr(ns)  Path(ns)    Netlist Resource(s)
  -------------------------------------------------------------------    -------------------
                         (clock sys_clk_pin rise edge)
                                                      0.000     0.000 r  
    K17                                               0.000     0.000 r  sys_clk (IN)
                         net (fo=0)                   0.000     0.000    sys_clk
    K17                  IBUF (Prop_ibuf_I_O)         0.259     0.259 r  sys_clk_IBUF_inst/O
                         net (fo=1, routed)           0.627     0.887    sys_clk_IBUF
    BUFGCTRL_X0Y16       BUFG (Prop_bufg_I_O)         0.026     0.913 r  sys_clk_IBUF_BUFG_inst/O
                         net (fo=81, routed)          0.590     1.502    red/sys_clk_IBUF_BUFG
    SLICE_X42Y15         FDRE                                         r  red/i_reg[22]/C
  -------------------------------------------------------------------    -------------------
    SLICE_X42Y15         FDRE (Prop_fdre_C_Q)         0.164     1.666 r  red/i_reg[22]/Q
                         net (fo=2, routed)           0.127     1.793    red/i_reg[22]
    SLICE_X42Y15         CARRY4 (Prop_carry4_S[2]_O[2])
                                                      0.110     1.903 r  red/i_reg[20]_i_1/O[2]
                         net (fo=1, routed)           0.000     1.903    red/i_reg[20]_i_1_n_5
    SLICE_X42Y15         FDRE                                         r  red/i_reg[22]/D
  -------------------------------------------------------------------    -------------------

                         (clock sys_clk_pin rise edge)
                                                      0.000     0.000 r  
    K17                                               0.000     0.000 r  sys_clk (IN)
                         net (fo=0)                   0.000     0.000    sys_clk
    K17                  IBUF (Prop_ibuf_I_O)         0.447     0.447 r  sys_clk_IBUF_inst/O
                         net (fo=1, routed)           0.683     1.130    sys_clk_IBUF
    BUFGCTRL_X0Y16       BUFG (Prop_bufg_I_O)         0.029     1.159 r  sys_clk_IBUF_BUFG_inst/O
                         net (fo=81, routed)          0.857     2.016    red/sys_clk_IBUF_BUFG
    SLICE_X42Y15         FDRE                                         r  red/i_reg[22]/C
                         clock pessimism             -0.514     1.502    
    SLICE_X42Y15         FDRE (Hold_fdre_C_D)         0.134     1.636    red/i_reg[22]
  -------------------------------------------------------------------
                         required time                         -1.636    
                         arrival time                           1.903    
  -------------------------------------------------------------------
                         slack                                  0.267    

Slack (MET) :             0.267ns  (arrival time - required time)
  Source:                 blue/i_reg[14]/C
                            (rising edge-triggered cell FDRE clocked by sys_clk_pin  {rise@0.000ns fall@4.000ns period=8.000ns})
  Destination:            blue/i_reg[14]/D
                            (rising edge-triggered cell FDRE clocked by sys_clk_pin  {rise@0.000ns fall@4.000ns period=8.000ns})
  Path Group:             sys_clk_pin
  Path Type:              Hold (Min at Fast Process Corner)
  Requirement:            0.000ns  (sys_clk_pin rise@0.000ns - sys_clk_pin rise@0.000ns)
  Data Path Delay:        0.401ns  (logic 0.274ns (68.412%)  route 0.127ns (31.588%))
  Logic Levels:           1  (CARRY4=1)
  Clock Path Skew:        0.000ns (DCD - SCD - CPR)
    Destination Clock Delay (DCD):    2.010ns
    Source Clock Delay      (SCD):    1.495ns
    Clock Pessimism Removal (CPR):    0.515ns

    Location             Delay type                Incr(ns)  Path(ns)    Netlist Resource(s)
  -------------------------------------------------------------------    -------------------
                         (clock sys_clk_pin rise edge)
                                                      0.000     0.000 r  
    K17                                               0.000     0.000 r  sys_clk (IN)
                         net (fo=0)                   0.000     0.000    sys_clk
    K17                  IBUF (Prop_ibuf_I_O)         0.259     0.259 r  sys_clk_IBUF_inst/O
                         net (fo=1, routed)           0.627     0.887    sys_clk_IBUF
    BUFGCTRL_X0Y16       BUFG (Prop_bufg_I_O)         0.026     0.913 r  sys_clk_IBUF_BUFG_inst/O
                         net (fo=81, routed)          0.583     1.495    blue/sys_clk_IBUF_BUFG
    SLICE_X42Y83         FDRE                                         r  blue/i_reg[14]/C
  -------------------------------------------------------------------    -------------------
    SLICE_X42Y83         FDRE (Prop_fdre_C_Q)         0.164     1.659 r  blue/i_reg[14]/Q
                         net (fo=2, routed)           0.127     1.786    blue/i_reg[14]
    SLICE_X42Y83         CARRY4 (Prop_carry4_S[2]_O[2])
                                                      0.110     1.896 r  blue/i_reg[12]_i_1__1/O[2]
                         net (fo=1, routed)           0.000     1.896    blue/i_reg[12]_i_1__1_n_5
    SLICE_X42Y83         FDRE                                         r  blue/i_reg[14]/D
  -------------------------------------------------------------------    -------------------

                         (clock sys_clk_pin rise edge)
                                                      0.000     0.000 r  
    K17                                               0.000     0.000 r  sys_clk (IN)
                         net (fo=0)                   0.000     0.000    sys_clk
    K17                  IBUF (Prop_ibuf_I_O)         0.447     0.447 r  sys_clk_IBUF_inst/O
                         net (fo=1, routed)           0.683     1.130    sys_clk_IBUF
    BUFGCTRL_X0Y16       BUFG (Prop_bufg_I_O)         0.029     1.159 r  sys_clk_IBUF_BUFG_inst/O
                         net (fo=81, routed)          0.851     2.010    blue/sys_clk_IBUF_BUFG
    SLICE_X42Y83         FDRE                                         r  blue/i_reg[14]/C
                         clock pessimism             -0.515     1.495    
    SLICE_X42Y83         FDRE (Hold_fdre_C_D)         0.134     1.629    blue/i_reg[14]
  -------------------------------------------------------------------
                         required time                         -1.629    
                         arrival time                           1.896    
  -------------------------------------------------------------------
                         slack                                  0.267    

Slack (MET) :             0.267ns  (arrival time - required time)
  Source:                 red/i_reg[14]/C
                            (rising edge-triggered cell FDRE clocked by sys_clk_pin  {rise@0.000ns fall@4.000ns period=8.000ns})
  Destination:            red/i_reg[14]/D
                            (rising edge-triggered cell FDRE clocked by sys_clk_pin  {rise@0.000ns fall@4.000ns period=8.000ns})
  Path Group:             sys_clk_pin
  Path Type:              Hold (Min at Fast Process Corner)
  Requirement:            0.000ns  (sys_clk_pin rise@0.000ns - sys_clk_pin rise@0.000ns)
  Data Path Delay:        0.401ns  (logic 0.274ns (68.412%)  route 0.127ns (31.588%))
  Logic Levels:           1  (CARRY4=1)
  Clock Path Skew:        0.000ns (DCD - SCD - CPR)
    Destination Clock Delay (DCD):    2.017ns
    Source Clock Delay      (SCD):    1.502ns
    Clock Pessimism Removal (CPR):    0.515ns

    Location             Delay type                Incr(ns)  Path(ns)    Netlist Resource(s)
  -------------------------------------------------------------------    -------------------
                         (clock sys_clk_pin rise edge)
                                                      0.000     0.000 r  
    K17                                               0.000     0.000 r  sys_clk (IN)
                         net (fo=0)                   0.000     0.000    sys_clk
    K17                  IBUF (Prop_ibuf_I_O)         0.259     0.259 r  sys_clk_IBUF_inst/O
                         net (fo=1, routed)           0.627     0.887    sys_clk_IBUF
    BUFGCTRL_X0Y16       BUFG (Prop_bufg_I_O)         0.026     0.913 r  sys_clk_IBUF_BUFG_inst/O
                         net (fo=81, routed)          0.590     1.502    red/sys_clk_IBUF_BUFG
    SLICE_X42Y13         FDRE                                         r  red/i_reg[14]/C
  -------------------------------------------------------------------    -------------------
    SLICE_X42Y13         FDRE (Prop_fdre_C_Q)         0.164     1.666 r  red/i_reg[14]/Q
                         net (fo=2, routed)           0.127     1.793    red/i_reg[14]
    SLICE_X42Y13         CARRY4 (Prop_carry4_S[2]_O[2])
                                                      0.110     1.903 r  red/i_reg[12]_i_1/O[2]
                         net (fo=1, routed)           0.000     1.903    red/i_reg[12]_i_1_n_5
    SLICE_X42Y13         FDRE                                         r  red/i_reg[14]/D
  -------------------------------------------------------------------    -------------------

                         (clock sys_clk_pin rise edge)
                                                      0.000     0.000 r  
    K17                                               0.000     0.000 r  sys_clk (IN)
                         net (fo=0)                   0.000     0.000    sys_clk
    K17                  IBUF (Prop_ibuf_I_O)         0.447     0.447 r  sys_clk_IBUF_inst/O
                         net (fo=1, routed)           0.683     1.130    sys_clk_IBUF
    BUFGCTRL_X0Y16       BUFG (Prop_bufg_I_O)         0.029     1.159 r  sys_clk_IBUF_BUFG_inst/O
                         net (fo=81, routed)          0.858     2.017    red/sys_clk_IBUF_BUFG
    SLICE_X42Y13         FDRE                                         r  red/i_reg[14]/C
                         clock pessimism             -0.515     1.502    
    SLICE_X42Y13         FDRE (Hold_fdre_C_D)         0.134     1.636    red/i_reg[14]
  -------------------------------------------------------------------
                         required time                         -1.636    
                         arrival time                           1.903    
  -------------------------------------------------------------------
                         slack                                  0.267    

Slack (MET) :             0.267ns  (arrival time - required time)
  Source:                 red/i_reg[6]/C
                            (rising edge-triggered cell FDRE clocked by sys_clk_pin  {rise@0.000ns fall@4.000ns period=8.000ns})
  Destination:            red/i_reg[6]/D
                            (rising edge-triggered cell FDRE clocked by sys_clk_pin  {rise@0.000ns fall@4.000ns period=8.000ns})
  Path Group:             sys_clk_pin
  Path Type:              Hold (Min at Fast Process Corner)
  Requirement:            0.000ns  (sys_clk_pin rise@0.000ns - sys_clk_pin rise@0.000ns)
  Data Path Delay:        0.401ns  (logic 0.274ns (68.412%)  route 0.127ns (31.588%))
  Logic Levels:           1  (CARRY4=1)
  Clock Path Skew:        0.000ns (DCD - SCD - CPR)
    Destination Clock Delay (DCD):    2.020ns
    Source Clock Delay      (SCD):    1.504ns
    Clock Pessimism Removal (CPR):    0.516ns

    Location             Delay type                Incr(ns)  Path(ns)    Netlist Resource(s)
  -------------------------------------------------------------------    -------------------
                         (clock sys_clk_pin rise edge)
                                                      0.000     0.000 r  
    K17                                               0.000     0.000 r  sys_clk (IN)
                         net (fo=0)                   0.000     0.000    sys_clk
    K17                  IBUF (Prop_ibuf_I_O)         0.259     0.259 r  sys_clk_IBUF_inst/O
                         net (fo=1, routed)           0.627     0.887    sys_clk_IBUF
    BUFGCTRL_X0Y16       BUFG (Prop_bufg_I_O)         0.026     0.913 r  sys_clk_IBUF_BUFG_inst/O
                         net (fo=81, routed)          0.592     1.504    red/sys_clk_IBUF_BUFG
    SLICE_X42Y11         FDRE                                         r  red/i_reg[6]/C
  -------------------------------------------------------------------    -------------------
    SLICE_X42Y11         FDRE (Prop_fdre_C_Q)         0.164     1.668 r  red/i_reg[6]/Q
                         net (fo=2, routed)           0.127     1.795    red/i_reg[6]
    SLICE_X42Y11         CARRY4 (Prop_carry4_S[2]_O[2])
                                                      0.110     1.905 r  red/i_reg[4]_i_1/O[2]
                         net (fo=1, routed)           0.000     1.905    red/i_reg[4]_i_1_n_5
    SLICE_X42Y11         FDRE                                         r  red/i_reg[6]/D
  -------------------------------------------------------------------    -------------------

                         (clock sys_clk_pin rise edge)
                                                      0.000     0.000 r  
    K17                                               0.000     0.000 r  sys_clk (IN)
                         net (fo=0)                   0.000     0.000    sys_clk
    K17                  IBUF (Prop_ibuf_I_O)         0.447     0.447 r  sys_clk_IBUF_inst/O
                         net (fo=1, routed)           0.683     1.130    sys_clk_IBUF
    BUFGCTRL_X0Y16       BUFG (Prop_bufg_I_O)         0.029     1.159 r  sys_clk_IBUF_BUFG_inst/O
                         net (fo=81, routed)          0.861     2.020    red/sys_clk_IBUF_BUFG
    SLICE_X42Y11         FDRE                                         r  red/i_reg[6]/C
                         clock pessimism             -0.516     1.504    
    SLICE_X42Y11         FDRE (Hold_fdre_C_D)         0.134     1.638    red/i_reg[6]
  -------------------------------------------------------------------
                         required time                         -1.638    
                         arrival time                           1.905    
  -------------------------------------------------------------------
                         slack                                  0.267    





Pulse Width Checks
--------------------------------------------------------------------------------------
Clock Name:         sys_clk_pin
Waveform(ns):       { 0.000 4.000 }
Period(ns):         8.000
Sources:            { sys_clk }

Check Type        Corner  Lib Pin  Reference Pin  Required(ns)  Actual(ns)  Slack(ns)  Location        Pin
Min Period        n/a     BUFG/I   n/a            2.155         8.000       5.845      BUFGCTRL_X0Y16  sys_clk_IBUF_BUFG_inst/I
Min Period        n/a     FDRE/C   n/a            1.000         8.000       7.000      SLICE_X42Y80    blue/i_reg[0]/C
Min Period        n/a     FDRE/C   n/a            1.000         8.000       7.000      SLICE_X42Y82    blue/i_reg[10]/C
Min Period        n/a     FDRE/C   n/a            1.000         8.000       7.000      SLICE_X42Y82    blue/i_reg[11]/C
Min Period        n/a     FDRE/C   n/a            1.000         8.000       7.000      SLICE_X42Y83    blue/i_reg[12]/C
Min Period        n/a     FDRE/C   n/a            1.000         8.000       7.000      SLICE_X42Y83    blue/i_reg[13]/C
Min Period        n/a     FDRE/C   n/a            1.000         8.000       7.000      SLICE_X42Y83    blue/i_reg[14]/C
Min Period        n/a     FDRE/C   n/a            1.000         8.000       7.000      SLICE_X42Y83    blue/i_reg[15]/C
Min Period        n/a     FDRE/C   n/a            1.000         8.000       7.000      SLICE_X42Y84    blue/i_reg[16]/C
Min Period        n/a     FDRE/C   n/a            1.000         8.000       7.000      SLICE_X42Y84    blue/i_reg[17]/C
Low Pulse Width   Slow    FDRE/C   n/a            0.500         4.000       3.500      SLICE_X42Y80    blue/i_reg[0]/C
Low Pulse Width   Fast    FDRE/C   n/a            0.500         4.000       3.500      SLICE_X42Y80    blue/i_reg[0]/C
Low Pulse Width   Slow    FDRE/C   n/a            0.500         4.000       3.500      SLICE_X42Y82    blue/i_reg[10]/C
Low Pulse Width   Fast    FDRE/C   n/a            0.500         4.000       3.500      SLICE_X42Y82    blue/i_reg[10]/C
Low Pulse Width   Slow    FDRE/C   n/a            0.500         4.000       3.500      SLICE_X42Y82    blue/i_reg[11]/C
Low Pulse Width   Fast    FDRE/C   n/a            0.500         4.000       3.500      SLICE_X42Y82    blue/i_reg[11]/C
Low Pulse Width   Slow    FDRE/C   n/a            0.500         4.000       3.500      SLICE_X42Y83    blue/i_reg[12]/C
Low Pulse Width   Fast    FDRE/C   n/a            0.500         4.000       3.500      SLICE_X42Y83    blue/i_reg[12]/C
Low Pulse Width   Slow    FDRE/C   n/a            0.500         4.000       3.500      SLICE_X42Y83    blue/i_reg[13]/C
Low Pulse Width   Fast    FDRE/C   n/a            0.500         4.000       3.500      SLICE_X42Y83    blue/i_reg[13]/C
High Pulse Width  Slow    FDRE/C   n/a            0.500         4.000       3.500      SLICE_X42Y80    blue/i_reg[0]/C
High Pulse Width  Fast    FDRE/C   n/a            0.500         4.000       3.500      SLICE_X42Y80    blue/i_reg[0]/C
High Pulse Width  Slow    FDRE/C   n/a            0.500         4.000       3.500      SLICE_X42Y82    blue/i_reg[10]/C
High Pulse Width  Fast    FDRE/C   n/a            0.500         4.000       3.500      SLICE_X42Y82    blue/i_reg[10]/C
High Pulse Width  Slow    FDRE/C   n/a            0.500         4.000       3.500      SLICE_X42Y82    blue/i_reg[11]/C
High Pulse Width  Fast    FDRE/C   n/a            0.500         4.000       3.500      SLICE_X42Y82    blue/i_reg[11]/C
High Pulse Width  Slow    FDRE/C   n/a            0.500         4.000       3.500      SLICE_X42Y83    blue/i_reg[12]/C
High Pulse Width  Fast    FDRE/C   n/a            0.500         4.000       3.500      SLICE_X42Y83    blue/i_reg[12]/C
High Pulse Width  Slow    FDRE/C   n/a            0.500         4.000       3.500      SLICE_X42Y83    blue/i_reg[13]/C
High Pulse Width  Fast    FDRE/C   n/a            0.500         4.000       3.500      SLICE_X42Y83    blue/i_reg[13]/C



--------------------------------------------------------------------------------------
Path Group:  (none)
From Clock:  sys_clk_pin
  To Clock:  

Max Delay             3 Endpoints
Min Delay             3 Endpoints
--------------------------------------------------------------------------------------


Max Delay Paths
--------------------------------------------------------------------------------------
Slack:                    inf
  Source:                 blue/led_reg/C
                            (rising edge-triggered cell FDRE clocked by sys_clk_pin  {rise@0.000ns fall@4.000ns period=8.000ns})
  Destination:            rgb_out[2]
                            (output port)
  Path Group:             (none)
  Path Type:              Max at Slow Process Corner
  Data Path Delay:        5.915ns  (logic 4.052ns (68.501%)  route 1.863ns (31.499%))
  Logic Levels:           1  (OBUF=1)
  Clock Uncertainty:      0.025ns  ((TSJ^2 + TIJ^2)^1/2 + DJ) / 2 + PE
    Total System Jitter     (TSJ):    0.050ns
    Total Input Jitter      (TIJ):    0.000ns
    Discrete Jitter          (DJ):    0.000ns
    Phase Error              (PE):    0.000ns

    Location             Delay type                Incr(ns)  Path(ns)    Netlist Resource(s)
  -------------------------------------------------------------------    -------------------
                         (clock sys_clk_pin rise edge)
                                                      0.000     0.000 r  
    K17                                               0.000     0.000 r  sys_clk (IN)
                         net (fo=0)                   0.000     0.000    sys_clk
    K17                  IBUF (Prop_ibuf_I_O)         1.492     1.492 r  sys_clk_IBUF_inst/O
                         net (fo=1, routed)           2.076     3.568    sys_clk_IBUF
    BUFGCTRL_X0Y16       BUFG (Prop_bufg_I_O)         0.101     3.669 r  sys_clk_IBUF_BUFG_inst/O
                         net (fo=81, routed)          1.729     5.398    blue/sys_clk_IBUF_BUFG
    SLICE_X43Y81         FDRE                                         r  blue/led_reg/C
  -------------------------------------------------------------------    -------------------
    SLICE_X43Y81         FDRE (Prop_fdre_C_Q)         0.456     5.854 r  blue/led_reg/Q
                         net (fo=2, routed)           1.863     7.717    rgb_out_OBUF[2]
    M17                  OBUF (Prop_obuf_I_O)         3.596    11.313 r  rgb_out_OBUF[2]_inst/O
                         net (fo=0)                   0.000    11.313    rgb_out[2]
    M17                                                               r  rgb_out[2] (OUT)
  -------------------------------------------------------------------    -------------------

Slack:                    inf
  Source:                 red/led_reg/C
                            (rising edge-triggered cell FDRE clocked by sys_clk_pin  {rise@0.000ns fall@4.000ns period=8.000ns})
  Destination:            rgb_out[0]
                            (output port)
  Path Group:             (none)
  Path Type:              Max at Slow Process Corner
  Data Path Delay:        5.802ns  (logic 3.982ns (68.624%)  route 1.821ns (31.376%))
  Logic Levels:           1  (OBUF=1)
  Clock Uncertainty:      0.025ns  ((TSJ^2 + TIJ^2)^1/2 + DJ) / 2 + PE
    Total System Jitter     (TSJ):    0.050ns
    Total Input Jitter      (TIJ):    0.000ns
    Discrete Jitter          (DJ):    0.000ns
    Phase Error              (PE):    0.000ns

    Location             Delay type                Incr(ns)  Path(ns)    Netlist Resource(s)
  -------------------------------------------------------------------    -------------------
                         (clock sys_clk_pin rise edge)
                                                      0.000     0.000 r  
    K17                                               0.000     0.000 r  sys_clk (IN)
                         net (fo=0)                   0.000     0.000    sys_clk
    K17                  IBUF (Prop_ibuf_I_O)         1.492     1.492 r  sys_clk_IBUF_inst/O
                         net (fo=1, routed)           2.076     3.568    sys_clk_IBUF
    BUFGCTRL_X0Y16       BUFG (Prop_bufg_I_O)         0.101     3.669 r  sys_clk_IBUF_BUFG_inst/O
                         net (fo=81, routed)          1.749     5.418    red/sys_clk_IBUF_BUFG
    SLICE_X43Y16         FDRE                                         r  red/led_reg/C
  -------------------------------------------------------------------    -------------------
    SLICE_X43Y16         FDRE (Prop_fdre_C_Q)         0.456     5.874 r  red/led_reg/Q
                         net (fo=2, routed)           1.821     7.694    rgb_out_OBUF[0]
    V16                  OBUF (Prop_obuf_I_O)         3.526    11.220 r  rgb_out_OBUF[0]_inst/O
                         net (fo=0)                   0.000    11.220    rgb_out[0]
    V16                                                               r  rgb_out[0] (OUT)
  -------------------------------------------------------------------    -------------------

Slack:                    inf
  Source:                 green/led_reg/C
                            (rising edge-triggered cell FDRE clocked by sys_clk_pin  {rise@0.000ns fall@4.000ns period=8.000ns})
  Destination:            rgb_out[1]
                            (output port)
  Path Group:             (none)
  Path Type:              Max at Slow Process Corner
  Data Path Delay:        5.700ns  (logic 3.967ns (69.606%)  route 1.732ns (30.394%))
  Logic Levels:           1  (OBUF=1)
  Clock Uncertainty:      0.025ns  ((TSJ^2 + TIJ^2)^1/2 + DJ) / 2 + PE
    Total System Jitter     (TSJ):    0.050ns
    Total Input Jitter      (TIJ):    0.000ns
    Discrete Jitter          (DJ):    0.000ns
    Phase Error              (PE):    0.000ns

    Location             Delay type                Incr(ns)  Path(ns)    Netlist Resource(s)
  -------------------------------------------------------------------    -------------------
                         (clock sys_clk_pin rise edge)
                                                      0.000     0.000 r  
    K17                                               0.000     0.000 r  sys_clk (IN)
                         net (fo=0)                   0.000     0.000    sys_clk
    K17                  IBUF (Prop_ibuf_I_O)         1.492     1.492 r  sys_clk_IBUF_inst/O
                         net (fo=1, routed)           2.076     3.568    sys_clk_IBUF
    BUFGCTRL_X0Y16       BUFG (Prop_bufg_I_O)         0.101     3.669 r  sys_clk_IBUF_BUFG_inst/O
                         net (fo=81, routed)          1.729     5.398    green/sys_clk_IBUF_BUFG
    SLICE_X43Y81         FDRE                                         r  green/led_reg/C
  -------------------------------------------------------------------    -------------------
    SLICE_X43Y81         FDRE (Prop_fdre_C_Q)         0.456     5.854 r  green/led_reg/Q
                         net (fo=2, routed)           1.732     7.586    rgb_out_OBUF[1]
    F17                  OBUF (Prop_obuf_I_O)         3.511    11.097 r  rgb_out_OBUF[1]_inst/O
                         net (fo=0)                   0.000    11.097    rgb_out[1]
    F17                                                               r  rgb_out[1] (OUT)
  -------------------------------------------------------------------    -------------------





Min Delay Paths
--------------------------------------------------------------------------------------
Slack:                    inf
  Source:                 green/led_reg/C
                            (rising edge-triggered cell FDRE clocked by sys_clk_pin  {rise@0.000ns fall@4.000ns period=8.000ns})
  Destination:            rgb_out[1]
                            (output port)
  Path Group:             (none)
  Path Type:              Min at Fast Process Corner
  Data Path Delay:        1.728ns  (logic 1.353ns (78.332%)  route 0.374ns (21.668%))
  Logic Levels:           1  (OBUF=1)
  Clock Uncertainty:      0.025ns  ((TSJ^2 + TIJ^2)^1/2 + DJ) / 2 + PE
    Total System Jitter     (TSJ):    0.050ns
    Total Input Jitter      (TIJ):    0.000ns
    Discrete Jitter          (DJ):    0.000ns
    Phase Error              (PE):    0.000ns

    Location             Delay type                Incr(ns)  Path(ns)    Netlist Resource(s)
  -------------------------------------------------------------------    -------------------
                         (clock sys_clk_pin rise edge)
                                                      0.000     0.000 r  
    K17                                               0.000     0.000 r  sys_clk (IN)
                         net (fo=0)                   0.000     0.000    sys_clk
    K17                  IBUF (Prop_ibuf_I_O)         0.259     0.259 r  sys_clk_IBUF_inst/O
                         net (fo=1, routed)           0.627     0.887    sys_clk_IBUF
    BUFGCTRL_X0Y16       BUFG (Prop_bufg_I_O)         0.026     0.913 r  sys_clk_IBUF_BUFG_inst/O
                         net (fo=81, routed)          0.581     1.493    green/sys_clk_IBUF_BUFG
    SLICE_X43Y81         FDRE                                         r  green/led_reg/C
  -------------------------------------------------------------------    -------------------
    SLICE_X43Y81         FDRE (Prop_fdre_C_Q)         0.141     1.634 r  green/led_reg/Q
                         net (fo=2, routed)           0.374     2.009    rgb_out_OBUF[1]
    F17                  OBUF (Prop_obuf_I_O)         1.212     3.221 r  rgb_out_OBUF[1]_inst/O
                         net (fo=0)                   0.000     3.221    rgb_out[1]
    F17                                                               r  rgb_out[1] (OUT)
  -------------------------------------------------------------------    -------------------

Slack:                    inf
  Source:                 red/led_reg/C
                            (rising edge-triggered cell FDRE clocked by sys_clk_pin  {rise@0.000ns fall@4.000ns period=8.000ns})
  Destination:            rgb_out[0]
                            (output port)
  Path Group:             (none)
  Path Type:              Min at Fast Process Corner
  Data Path Delay:        1.771ns  (logic 1.368ns (77.218%)  route 0.404ns (22.782%))
  Logic Levels:           1  (OBUF=1)
  Clock Uncertainty:      0.025ns  ((TSJ^2 + TIJ^2)^1/2 + DJ) / 2 + PE
    Total System Jitter     (TSJ):    0.050ns
    Total Input Jitter      (TIJ):    0.000ns
    Discrete Jitter          (DJ):    0.000ns
    Phase Error              (PE):    0.000ns

    Location             Delay type                Incr(ns)  Path(ns)    Netlist Resource(s)
  -------------------------------------------------------------------    -------------------
                         (clock sys_clk_pin rise edge)
                                                      0.000     0.000 r  
    K17                                               0.000     0.000 r  sys_clk (IN)
                         net (fo=0)                   0.000     0.000    sys_clk
    K17                  IBUF (Prop_ibuf_I_O)         0.259     0.259 r  sys_clk_IBUF_inst/O
                         net (fo=1, routed)           0.627     0.887    sys_clk_IBUF
    BUFGCTRL_X0Y16       BUFG (Prop_bufg_I_O)         0.026     0.913 r  sys_clk_IBUF_BUFG_inst/O
                         net (fo=81, routed)          0.589     1.501    red/sys_clk_IBUF_BUFG
    SLICE_X43Y16         FDRE                                         r  red/led_reg/C
  -------------------------------------------------------------------    -------------------
    SLICE_X43Y16         FDRE (Prop_fdre_C_Q)         0.141     1.642 r  red/led_reg/Q
                         net (fo=2, routed)           0.404     2.046    rgb_out_OBUF[0]
    V16                  OBUF (Prop_obuf_I_O)         1.227     3.273 r  rgb_out_OBUF[0]_inst/O
                         net (fo=0)                   0.000     3.273    rgb_out[0]
    V16                                                               r  rgb_out[0] (OUT)
  -------------------------------------------------------------------    -------------------

Slack:                    inf
  Source:                 blue/led_reg/C
                            (rising edge-triggered cell FDRE clocked by sys_clk_pin  {rise@0.000ns fall@4.000ns period=8.000ns})
  Destination:            rgb_out[2]
                            (output port)
  Path Group:             (none)
  Path Type:              Min at Fast Process Corner
  Data Path Delay:        1.855ns  (logic 1.437ns (77.460%)  route 0.418ns (22.540%))
  Logic Levels:           1  (OBUF=1)
  Clock Uncertainty:      0.025ns  ((TSJ^2 + TIJ^2)^1/2 + DJ) / 2 + PE
    Total System Jitter     (TSJ):    0.050ns
    Total Input Jitter      (TIJ):    0.000ns
    Discrete Jitter          (DJ):    0.000ns
    Phase Error              (PE):    0.000ns

    Location             Delay type                Incr(ns)  Path(ns)    Netlist Resource(s)
  -------------------------------------------------------------------    -------------------
                         (clock sys_clk_pin rise edge)
                                                      0.000     0.000 r  
    K17                                               0.000     0.000 r  sys_clk (IN)
                         net (fo=0)                   0.000     0.000    sys_clk
    K17                  IBUF (Prop_ibuf_I_O)         0.259     0.259 r  sys_clk_IBUF_inst/O
                         net (fo=1, routed)           0.627     0.887    sys_clk_IBUF
    BUFGCTRL_X0Y16       BUFG (Prop_bufg_I_O)         0.026     0.913 r  sys_clk_IBUF_BUFG_inst/O
                         net (fo=81, routed)          0.581     1.493    blue/sys_clk_IBUF_BUFG
    SLICE_X43Y81         FDRE                                         r  blue/led_reg/C
  -------------------------------------------------------------------    -------------------
    SLICE_X43Y81         FDRE (Prop_fdre_C_Q)         0.141     1.634 r  blue/led_reg/Q
                         net (fo=2, routed)           0.418     2.052    rgb_out_OBUF[2]
    M17                  OBUF (Prop_obuf_I_O)         1.296     3.348 r  rgb_out_OBUF[2]_inst/O
                         net (fo=0)                   0.000     3.348    rgb_out[2]
    M17                                                               r  rgb_out[2] (OUT)
  -------------------------------------------------------------------    -------------------





--------------------------------------------------------------------------------------
Path Group:  (none)
From Clock:  
  To Clock:  sys_clk_pin

Max Delay            81 Endpoints
Min Delay            81 Endpoints
--------------------------------------------------------------------------------------


Max Delay Paths
--------------------------------------------------------------------------------------
Slack:                    inf
  Source:                 rst
                            (input port)
  Destination:            red/i_reg[0]/R
                            (rising edge-triggered cell FDRE clocked by sys_clk_pin  {rise@0.000ns fall@4.000ns period=8.000ns})
  Path Group:             (none)
  Path Type:              Setup (Max at Slow Process Corner)
  Data Path Delay:        6.296ns  (logic 1.613ns (25.619%)  route 4.683ns (74.381%))
  Logic Levels:           2  (IBUF=1 LUT5=1)
  Clock Path Skew:        4.970ns (DCD - SCD + CPR)
    Destination Clock Delay (DCD):    4.970ns
    Source Clock Delay      (SCD):    0.000ns
    Clock Pessimism Removal (CPR):    0.000ns
  Clock Uncertainty:      0.025ns  ((TSJ^2 + TIJ^2)^1/2 + DJ) / 2 + PE
    Total System Jitter     (TSJ):    0.050ns
    Total Input Jitter      (TIJ):    0.000ns
    Discrete Jitter          (DJ):    0.000ns
    Phase Error              (PE):    0.000ns

    Location             Delay type                Incr(ns)  Path(ns)    Netlist Resource(s)
  -------------------------------------------------------------------    -------------------
    K18                                               0.000     0.000 r  rst (IN)
                         net (fo=0)                   0.000     0.000    rst
    K18                  IBUF (Prop_ibuf_I_O)         1.489     1.489 r  rst_IBUF_inst/O
                         net (fo=6, routed)           3.722     5.210    red/rst_IBUF
    SLICE_X43Y16         LUT5 (Prop_lut5_I0_O)        0.124     5.334 r  red/i[0]_i_1/O
                         net (fo=26, routed)          0.961     6.296    red/i[0]_i_1_n_0
    SLICE_X42Y10         FDRE                                         r  red/i_reg[0]/R
  -------------------------------------------------------------------    -------------------

                         (clock sys_clk_pin rise edge)
                                                      0.000     0.000 r  
    K17                                               0.000     0.000 r  sys_clk (IN)
                         net (fo=0)                   0.000     0.000    sys_clk
    K17                  IBUF (Prop_ibuf_I_O)         1.421     1.421 r  sys_clk_IBUF_inst/O
                         net (fo=1, routed)           1.880     3.301    sys_clk_IBUF
    BUFGCTRL_X0Y16       BUFG (Prop_bufg_I_O)         0.091     3.392 r  sys_clk_IBUF_BUFG_inst/O
                         net (fo=81, routed)          1.577     4.970    red/sys_clk_IBUF_BUFG
    SLICE_X42Y10         FDRE                                         r  red/i_reg[0]/C

Slack:                    inf
  Source:                 rst
                            (input port)
  Destination:            red/i_reg[1]/R
                            (rising edge-triggered cell FDRE clocked by sys_clk_pin  {rise@0.000ns fall@4.000ns period=8.000ns})
  Path Group:             (none)
  Path Type:              Setup (Max at Slow Process Corner)
  Data Path Delay:        6.296ns  (logic 1.613ns (25.619%)  route 4.683ns (74.381%))
  Logic Levels:           2  (IBUF=1 LUT5=1)
  Clock Path Skew:        4.970ns (DCD - SCD + CPR)
    Destination Clock Delay (DCD):    4.970ns
    Source Clock Delay      (SCD):    0.000ns
    Clock Pessimism Removal (CPR):    0.000ns
  Clock Uncertainty:      0.025ns  ((TSJ^2 + TIJ^2)^1/2 + DJ) / 2 + PE
    Total System Jitter     (TSJ):    0.050ns
    Total Input Jitter      (TIJ):    0.000ns
    Discrete Jitter          (DJ):    0.000ns
    Phase Error              (PE):    0.000ns

    Location             Delay type                Incr(ns)  Path(ns)    Netlist Resource(s)
  -------------------------------------------------------------------    -------------------
    K18                                               0.000     0.000 r  rst (IN)
                         net (fo=0)                   0.000     0.000    rst
    K18                  IBUF (Prop_ibuf_I_O)         1.489     1.489 r  rst_IBUF_inst/O
                         net (fo=6, routed)           3.722     5.210    red/rst_IBUF
    SLICE_X43Y16         LUT5 (Prop_lut5_I0_O)        0.124     5.334 r  red/i[0]_i_1/O
                         net (fo=26, routed)          0.961     6.296    red/i[0]_i_1_n_0
    SLICE_X42Y10         FDRE                                         r  red/i_reg[1]/R
  -------------------------------------------------------------------    -------------------

                         (clock sys_clk_pin rise edge)
                                                      0.000     0.000 r  
    K17                                               0.000     0.000 r  sys_clk (IN)
                         net (fo=0)                   0.000     0.000    sys_clk
    K17                  IBUF (Prop_ibuf_I_O)         1.421     1.421 r  sys_clk_IBUF_inst/O
                         net (fo=1, routed)           1.880     3.301    sys_clk_IBUF
    BUFGCTRL_X0Y16       BUFG (Prop_bufg_I_O)         0.091     3.392 r  sys_clk_IBUF_BUFG_inst/O
                         net (fo=81, routed)          1.577     4.970    red/sys_clk_IBUF_BUFG
    SLICE_X42Y10         FDRE                                         r  red/i_reg[1]/C

Slack:                    inf
  Source:                 rst
                            (input port)
  Destination:            red/i_reg[2]/R
                            (rising edge-triggered cell FDRE clocked by sys_clk_pin  {rise@0.000ns fall@4.000ns period=8.000ns})
  Path Group:             (none)
  Path Type:              Setup (Max at Slow Process Corner)
  Data Path Delay:        6.296ns  (logic 1.613ns (25.619%)  route 4.683ns (74.381%))
  Logic Levels:           2  (IBUF=1 LUT5=1)
  Clock Path Skew:        4.970ns (DCD - SCD + CPR)
    Destination Clock Delay (DCD):    4.970ns
    Source Clock Delay      (SCD):    0.000ns
    Clock Pessimism Removal (CPR):    0.000ns
  Clock Uncertainty:      0.025ns  ((TSJ^2 + TIJ^2)^1/2 + DJ) / 2 + PE
    Total System Jitter     (TSJ):    0.050ns
    Total Input Jitter      (TIJ):    0.000ns
    Discrete Jitter          (DJ):    0.000ns
    Phase Error              (PE):    0.000ns

    Location             Delay type                Incr(ns)  Path(ns)    Netlist Resource(s)
  -------------------------------------------------------------------    -------------------
    K18                                               0.000     0.000 r  rst (IN)
                         net (fo=0)                   0.000     0.000    rst
    K18                  IBUF (Prop_ibuf_I_O)         1.489     1.489 r  rst_IBUF_inst/O
                         net (fo=6, routed)           3.722     5.210    red/rst_IBUF
    SLICE_X43Y16         LUT5 (Prop_lut5_I0_O)        0.124     5.334 r  red/i[0]_i_1/O
                         net (fo=26, routed)          0.961     6.296    red/i[0]_i_1_n_0
    SLICE_X42Y10         FDRE                                         r  red/i_reg[2]/R
  -------------------------------------------------------------------    -------------------

                         (clock sys_clk_pin rise edge)
                                                      0.000     0.000 r  
    K17                                               0.000     0.000 r  sys_clk (IN)
                         net (fo=0)                   0.000     0.000    sys_clk
    K17                  IBUF (Prop_ibuf_I_O)         1.421     1.421 r  sys_clk_IBUF_inst/O
                         net (fo=1, routed)           1.880     3.301    sys_clk_IBUF
    BUFGCTRL_X0Y16       BUFG (Prop_bufg_I_O)         0.091     3.392 r  sys_clk_IBUF_BUFG_inst/O
                         net (fo=81, routed)          1.577     4.970    red/sys_clk_IBUF_BUFG
    SLICE_X42Y10         FDRE                                         r  red/i_reg[2]/C

Slack:                    inf
  Source:                 rst
                            (input port)
  Destination:            red/i_reg[3]/R
                            (rising edge-triggered cell FDRE clocked by sys_clk_pin  {rise@0.000ns fall@4.000ns period=8.000ns})
  Path Group:             (none)
  Path Type:              Setup (Max at Slow Process Corner)
  Data Path Delay:        6.296ns  (logic 1.613ns (25.619%)  route 4.683ns (74.381%))
  Logic Levels:           2  (IBUF=1 LUT5=1)
  Clock Path Skew:        4.970ns (DCD - SCD + CPR)
    Destination Clock Delay (DCD):    4.970ns
    Source Clock Delay      (SCD):    0.000ns
    Clock Pessimism Removal (CPR):    0.000ns
  Clock Uncertainty:      0.025ns  ((TSJ^2 + TIJ^2)^1/2 + DJ) / 2 + PE
    Total System Jitter     (TSJ):    0.050ns
    Total Input Jitter      (TIJ):    0.000ns
    Discrete Jitter          (DJ):    0.000ns
    Phase Error              (PE):    0.000ns

    Location             Delay type                Incr(ns)  Path(ns)    Netlist Resource(s)
  -------------------------------------------------------------------    -------------------
    K18                                               0.000     0.000 r  rst (IN)
                         net (fo=0)                   0.000     0.000    rst
    K18                  IBUF (Prop_ibuf_I_O)         1.489     1.489 r  rst_IBUF_inst/O
                         net (fo=6, routed)           3.722     5.210    red/rst_IBUF
    SLICE_X43Y16         LUT5 (Prop_lut5_I0_O)        0.124     5.334 r  red/i[0]_i_1/O
                         net (fo=26, routed)          0.961     6.296    red/i[0]_i_1_n_0
    SLICE_X42Y10         FDRE                                         r  red/i_reg[3]/R
  -------------------------------------------------------------------    -------------------

                         (clock sys_clk_pin rise edge)
                                                      0.000     0.000 r  
    K17                                               0.000     0.000 r  sys_clk (IN)
                         net (fo=0)                   0.000     0.000    sys_clk
    K17                  IBUF (Prop_ibuf_I_O)         1.421     1.421 r  sys_clk_IBUF_inst/O
                         net (fo=1, routed)           1.880     3.301    sys_clk_IBUF
    BUFGCTRL_X0Y16       BUFG (Prop_bufg_I_O)         0.091     3.392 r  sys_clk_IBUF_BUFG_inst/O
                         net (fo=81, routed)          1.577     4.970    red/sys_clk_IBUF_BUFG
    SLICE_X42Y10         FDRE                                         r  red/i_reg[3]/C

Slack:                    inf
  Source:                 rst
                            (input port)
  Destination:            red/i_reg[4]/R
                            (rising edge-triggered cell FDRE clocked by sys_clk_pin  {rise@0.000ns fall@4.000ns period=8.000ns})
  Path Group:             (none)
  Path Type:              Setup (Max at Slow Process Corner)
  Data Path Delay:        6.204ns  (logic 1.613ns (25.999%)  route 4.591ns (74.001%))
  Logic Levels:           2  (IBUF=1 LUT5=1)
  Clock Path Skew:        4.969ns (DCD - SCD + CPR)
    Destination Clock Delay (DCD):    4.969ns
    Source Clock Delay      (SCD):    0.000ns
    Clock Pessimism Removal (CPR):    0.000ns
  Clock Uncertainty:      0.025ns  ((TSJ^2 + TIJ^2)^1/2 + DJ) / 2 + PE
    Total System Jitter     (TSJ):    0.050ns
    Total Input Jitter      (TIJ):    0.000ns
    Discrete Jitter          (DJ):    0.000ns
    Phase Error              (PE):    0.000ns

    Location             Delay type                Incr(ns)  Path(ns)    Netlist Resource(s)
  -------------------------------------------------------------------    -------------------
    K18                                               0.000     0.000 r  rst (IN)
                         net (fo=0)                   0.000     0.000    rst
    K18                  IBUF (Prop_ibuf_I_O)         1.489     1.489 r  rst_IBUF_inst/O
                         net (fo=6, routed)           3.722     5.210    red/rst_IBUF
    SLICE_X43Y16         LUT5 (Prop_lut5_I0_O)        0.124     5.334 r  red/i[0]_i_1/O
                         net (fo=26, routed)          0.869     6.204    red/i[0]_i_1_n_0
    SLICE_X42Y11         FDRE                                         r  red/i_reg[4]/R
  -------------------------------------------------------------------    -------------------

                         (clock sys_clk_pin rise edge)
                                                      0.000     0.000 r  
    K17                                               0.000     0.000 r  sys_clk (IN)
                         net (fo=0)                   0.000     0.000    sys_clk
    K17                  IBUF (Prop_ibuf_I_O)         1.421     1.421 r  sys_clk_IBUF_inst/O
                         net (fo=1, routed)           1.880     3.301    sys_clk_IBUF
    BUFGCTRL_X0Y16       BUFG (Prop_bufg_I_O)         0.091     3.392 r  sys_clk_IBUF_BUFG_inst/O
                         net (fo=81, routed)          1.576     4.969    red/sys_clk_IBUF_BUFG
    SLICE_X42Y11         FDRE                                         r  red/i_reg[4]/C

Slack:                    inf
  Source:                 rst
                            (input port)
  Destination:            red/i_reg[5]/R
                            (rising edge-triggered cell FDRE clocked by sys_clk_pin  {rise@0.000ns fall@4.000ns period=8.000ns})
  Path Group:             (none)
  Path Type:              Setup (Max at Slow Process Corner)
  Data Path Delay:        6.204ns  (logic 1.613ns (25.999%)  route 4.591ns (74.001%))
  Logic Levels:           2  (IBUF=1 LUT5=1)
  Clock Path Skew:        4.969ns (DCD - SCD + CPR)
    Destination Clock Delay (DCD):    4.969ns
    Source Clock Delay      (SCD):    0.000ns
    Clock Pessimism Removal (CPR):    0.000ns
  Clock Uncertainty:      0.025ns  ((TSJ^2 + TIJ^2)^1/2 + DJ) / 2 + PE
    Total System Jitter     (TSJ):    0.050ns
    Total Input Jitter      (TIJ):    0.000ns
    Discrete Jitter          (DJ):    0.000ns
    Phase Error              (PE):    0.000ns

    Location             Delay type                Incr(ns)  Path(ns)    Netlist Resource(s)
  -------------------------------------------------------------------    -------------------
    K18                                               0.000     0.000 r  rst (IN)
                         net (fo=0)                   0.000     0.000    rst
    K18                  IBUF (Prop_ibuf_I_O)         1.489     1.489 r  rst_IBUF_inst/O
                         net (fo=6, routed)           3.722     5.210    red/rst_IBUF
    SLICE_X43Y16         LUT5 (Prop_lut5_I0_O)        0.124     5.334 r  red/i[0]_i_1/O
                         net (fo=26, routed)          0.869     6.204    red/i[0]_i_1_n_0
    SLICE_X42Y11         FDRE                                         r  red/i_reg[5]/R
  -------------------------------------------------------------------    -------------------

                         (clock sys_clk_pin rise edge)
                                                      0.000     0.000 r  
    K17                                               0.000     0.000 r  sys_clk (IN)
                         net (fo=0)                   0.000     0.000    sys_clk
    K17                  IBUF (Prop_ibuf_I_O)         1.421     1.421 r  sys_clk_IBUF_inst/O
                         net (fo=1, routed)           1.880     3.301    sys_clk_IBUF
    BUFGCTRL_X0Y16       BUFG (Prop_bufg_I_O)         0.091     3.392 r  sys_clk_IBUF_BUFG_inst/O
                         net (fo=81, routed)          1.576     4.969    red/sys_clk_IBUF_BUFG
    SLICE_X42Y11         FDRE                                         r  red/i_reg[5]/C

Slack:                    inf
  Source:                 rst
                            (input port)
  Destination:            red/i_reg[6]/R
                            (rising edge-triggered cell FDRE clocked by sys_clk_pin  {rise@0.000ns fall@4.000ns period=8.000ns})
  Path Group:             (none)
  Path Type:              Setup (Max at Slow Process Corner)
  Data Path Delay:        6.204ns  (logic 1.613ns (25.999%)  route 4.591ns (74.001%))
  Logic Levels:           2  (IBUF=1 LUT5=1)
  Clock Path Skew:        4.969ns (DCD - SCD + CPR)
    Destination Clock Delay (DCD):    4.969ns
    Source Clock Delay      (SCD):    0.000ns
    Clock Pessimism Removal (CPR):    0.000ns
  Clock Uncertainty:      0.025ns  ((TSJ^2 + TIJ^2)^1/2 + DJ) / 2 + PE
    Total System Jitter     (TSJ):    0.050ns
    Total Input Jitter      (TIJ):    0.000ns
    Discrete Jitter          (DJ):    0.000ns
    Phase Error              (PE):    0.000ns

    Location             Delay type                Incr(ns)  Path(ns)    Netlist Resource(s)
  -------------------------------------------------------------------    -------------------
    K18                                               0.000     0.000 r  rst (IN)
                         net (fo=0)                   0.000     0.000    rst
    K18                  IBUF (Prop_ibuf_I_O)         1.489     1.489 r  rst_IBUF_inst/O
                         net (fo=6, routed)           3.722     5.210    red/rst_IBUF
    SLICE_X43Y16         LUT5 (Prop_lut5_I0_O)        0.124     5.334 r  red/i[0]_i_1/O
                         net (fo=26, routed)          0.869     6.204    red/i[0]_i_1_n_0
    SLICE_X42Y11         FDRE                                         r  red/i_reg[6]/R
  -------------------------------------------------------------------    -------------------

                         (clock sys_clk_pin rise edge)
                                                      0.000     0.000 r  
    K17                                               0.000     0.000 r  sys_clk (IN)
                         net (fo=0)                   0.000     0.000    sys_clk
    K17                  IBUF (Prop_ibuf_I_O)         1.421     1.421 r  sys_clk_IBUF_inst/O
                         net (fo=1, routed)           1.880     3.301    sys_clk_IBUF
    BUFGCTRL_X0Y16       BUFG (Prop_bufg_I_O)         0.091     3.392 r  sys_clk_IBUF_BUFG_inst/O
                         net (fo=81, routed)          1.576     4.969    red/sys_clk_IBUF_BUFG
    SLICE_X42Y11         FDRE                                         r  red/i_reg[6]/C

Slack:                    inf
  Source:                 rst
                            (input port)
  Destination:            red/i_reg[7]/R
                            (rising edge-triggered cell FDRE clocked by sys_clk_pin  {rise@0.000ns fall@4.000ns period=8.000ns})
  Path Group:             (none)
  Path Type:              Setup (Max at Slow Process Corner)
  Data Path Delay:        6.204ns  (logic 1.613ns (25.999%)  route 4.591ns (74.001%))
  Logic Levels:           2  (IBUF=1 LUT5=1)
  Clock Path Skew:        4.969ns (DCD - SCD + CPR)
    Destination Clock Delay (DCD):    4.969ns
    Source Clock Delay      (SCD):    0.000ns
    Clock Pessimism Removal (CPR):    0.000ns
  Clock Uncertainty:      0.025ns  ((TSJ^2 + TIJ^2)^1/2 + DJ) / 2 + PE
    Total System Jitter     (TSJ):    0.050ns
    Total Input Jitter      (TIJ):    0.000ns
    Discrete Jitter          (DJ):    0.000ns
    Phase Error              (PE):    0.000ns

    Location             Delay type                Incr(ns)  Path(ns)    Netlist Resource(s)
  -------------------------------------------------------------------    -------------------
    K18                                               0.000     0.000 r  rst (IN)
                         net (fo=0)                   0.000     0.000    rst
    K18                  IBUF (Prop_ibuf_I_O)         1.489     1.489 r  rst_IBUF_inst/O
                         net (fo=6, routed)           3.722     5.210    red/rst_IBUF
    SLICE_X43Y16         LUT5 (Prop_lut5_I0_O)        0.124     5.334 r  red/i[0]_i_1/O
                         net (fo=26, routed)          0.869     6.204    red/i[0]_i_1_n_0
    SLICE_X42Y11         FDRE                                         r  red/i_reg[7]/R
  -------------------------------------------------------------------    -------------------

                         (clock sys_clk_pin rise edge)
                                                      0.000     0.000 r  
    K17                                               0.000     0.000 r  sys_clk (IN)
                         net (fo=0)                   0.000     0.000    sys_clk
    K17                  IBUF (Prop_ibuf_I_O)         1.421     1.421 r  sys_clk_IBUF_inst/O
                         net (fo=1, routed)           1.880     3.301    sys_clk_IBUF
    BUFGCTRL_X0Y16       BUFG (Prop_bufg_I_O)         0.091     3.392 r  sys_clk_IBUF_BUFG_inst/O
                         net (fo=81, routed)          1.576     4.969    red/sys_clk_IBUF_BUFG
    SLICE_X42Y11         FDRE                                         r  red/i_reg[7]/C

Slack:                    inf
  Source:                 rst
                            (input port)
  Destination:            red/i_reg[10]/R
                            (rising edge-triggered cell FDRE clocked by sys_clk_pin  {rise@0.000ns fall@4.000ns period=8.000ns})
  Path Group:             (none)
  Path Type:              Setup (Max at Slow Process Corner)
  Data Path Delay:        6.155ns  (logic 1.613ns (26.206%)  route 4.542ns (73.794%))
  Logic Levels:           2  (IBUF=1 LUT5=1)
  Clock Path Skew:        4.968ns (DCD - SCD + CPR)
    Destination Clock Delay (DCD):    4.968ns
    Source Clock Delay      (SCD):    0.000ns
    Clock Pessimism Removal (CPR):    0.000ns
  Clock Uncertainty:      0.025ns  ((TSJ^2 + TIJ^2)^1/2 + DJ) / 2 + PE
    Total System Jitter     (TSJ):    0.050ns
    Total Input Jitter      (TIJ):    0.000ns
    Discrete Jitter          (DJ):    0.000ns
    Phase Error              (PE):    0.000ns

    Location             Delay type                Incr(ns)  Path(ns)    Netlist Resource(s)
  -------------------------------------------------------------------    -------------------
    K18                                               0.000     0.000 r  rst (IN)
                         net (fo=0)                   0.000     0.000    rst
    K18                  IBUF (Prop_ibuf_I_O)         1.489     1.489 r  rst_IBUF_inst/O
                         net (fo=6, routed)           3.722     5.210    red/rst_IBUF
    SLICE_X43Y16         LUT5 (Prop_lut5_I0_O)        0.124     5.334 r  red/i[0]_i_1/O
                         net (fo=26, routed)          0.820     6.155    red/i[0]_i_1_n_0
    SLICE_X42Y12         FDRE                                         r  red/i_reg[10]/R
  -------------------------------------------------------------------    -------------------

                         (clock sys_clk_pin rise edge)
                                                      0.000     0.000 r  
    K17                                               0.000     0.000 r  sys_clk (IN)
                         net (fo=0)                   0.000     0.000    sys_clk
    K17                  IBUF (Prop_ibuf_I_O)         1.421     1.421 r  sys_clk_IBUF_inst/O
                         net (fo=1, routed)           1.880     3.301    sys_clk_IBUF
    BUFGCTRL_X0Y16       BUFG (Prop_bufg_I_O)         0.091     3.392 r  sys_clk_IBUF_BUFG_inst/O
                         net (fo=81, routed)          1.575     4.968    red/sys_clk_IBUF_BUFG
    SLICE_X42Y12         FDRE                                         r  red/i_reg[10]/C

Slack:                    inf
  Source:                 rst
                            (input port)
  Destination:            red/i_reg[11]/R
                            (rising edge-triggered cell FDRE clocked by sys_clk_pin  {rise@0.000ns fall@4.000ns period=8.000ns})
  Path Group:             (none)
  Path Type:              Setup (Max at Slow Process Corner)
  Data Path Delay:        6.155ns  (logic 1.613ns (26.206%)  route 4.542ns (73.794%))
  Logic Levels:           2  (IBUF=1 LUT5=1)
  Clock Path Skew:        4.968ns (DCD - SCD + CPR)
    Destination Clock Delay (DCD):    4.968ns
    Source Clock Delay      (SCD):    0.000ns
    Clock Pessimism Removal (CPR):    0.000ns
  Clock Uncertainty:      0.025ns  ((TSJ^2 + TIJ^2)^1/2 + DJ) / 2 + PE
    Total System Jitter     (TSJ):    0.050ns
    Total Input Jitter      (TIJ):    0.000ns
    Discrete Jitter          (DJ):    0.000ns
    Phase Error              (PE):    0.000ns

    Location             Delay type                Incr(ns)  Path(ns)    Netlist Resource(s)
  -------------------------------------------------------------------    -------------------
    K18                                               0.000     0.000 r  rst (IN)
                         net (fo=0)                   0.000     0.000    rst
    K18                  IBUF (Prop_ibuf_I_O)         1.489     1.489 r  rst_IBUF_inst/O
                         net (fo=6, routed)           3.722     5.210    red/rst_IBUF
    SLICE_X43Y16         LUT5 (Prop_lut5_I0_O)        0.124     5.334 r  red/i[0]_i_1/O
                         net (fo=26, routed)          0.820     6.155    red/i[0]_i_1_n_0
    SLICE_X42Y12         FDRE                                         r  red/i_reg[11]/R
  -------------------------------------------------------------------    -------------------

                         (clock sys_clk_pin rise edge)
                                                      0.000     0.000 r  
    K17                                               0.000     0.000 r  sys_clk (IN)
                         net (fo=0)                   0.000     0.000    sys_clk
    K17                  IBUF (Prop_ibuf_I_O)         1.421     1.421 r  sys_clk_IBUF_inst/O
                         net (fo=1, routed)           1.880     3.301    sys_clk_IBUF
    BUFGCTRL_X0Y16       BUFG (Prop_bufg_I_O)         0.091     3.392 r  sys_clk_IBUF_BUFG_inst/O
                         net (fo=81, routed)          1.575     4.968    red/sys_clk_IBUF_BUFG
    SLICE_X42Y12         FDRE                                         r  red/i_reg[11]/C





Min Delay Paths
--------------------------------------------------------------------------------------
Slack:                    inf
  Source:                 sw[1]
                            (input port)
  Destination:            red/led_reg/D
                            (rising edge-triggered cell FDRE clocked by sys_clk_pin  {rise@0.000ns fall@4.000ns period=8.000ns})
  Path Group:             (none)
  Path Type:              Hold (Min at Fast Process Corner)
  Data Path Delay:        0.867ns  (logic 0.264ns (30.420%)  route 0.604ns (69.580%))
  Logic Levels:           2  (IBUF=1 LUT6=1)
  Clock Path Skew:        2.015ns (DCD - SCD - CPR)
    Destination Clock Delay (DCD):    2.015ns
    Source Clock Delay      (SCD):    0.000ns
    Clock Pessimism Removal (CPR):    -0.000ns

    Location             Delay type                Incr(ns)  Path(ns)    Netlist Resource(s)
  -------------------------------------------------------------------    -------------------
    P15                                               0.000     0.000 f  sw[1] (IN)
                         net (fo=0)                   0.000     0.000    sw[1]
    P15                  IBUF (Prop_ibuf_I_O)         0.219     0.219 f  sw_IBUF[1]_inst/O
                         net (fo=6, routed)           0.604     0.822    red/sw_IBUF[1]
    SLICE_X43Y16         LUT6 (Prop_lut6_I4_O)        0.045     0.867 r  red/led_i_1/O
                         net (fo=1, routed)           0.000     0.867    red/led_i_1_n_0
    SLICE_X43Y16         FDRE                                         r  red/led_reg/D
  -------------------------------------------------------------------    -------------------

                         (clock sys_clk_pin rise edge)
                                                      0.000     0.000 r  
    K17                                               0.000     0.000 r  sys_clk (IN)
                         net (fo=0)                   0.000     0.000    sys_clk
    K17                  IBUF (Prop_ibuf_I_O)         0.447     0.447 r  sys_clk_IBUF_inst/O
                         net (fo=1, routed)           0.683     1.130    sys_clk_IBUF
    BUFGCTRL_X0Y16       BUFG (Prop_bufg_I_O)         0.029     1.159 r  sys_clk_IBUF_BUFG_inst/O
                         net (fo=81, routed)          0.856     2.015    red/sys_clk_IBUF_BUFG
    SLICE_X43Y16         FDRE                                         r  red/led_reg/C

Slack:                    inf
  Source:                 rst
                            (input port)
  Destination:            green/led_reg/D
                            (rising edge-triggered cell FDRE clocked by sys_clk_pin  {rise@0.000ns fall@4.000ns period=8.000ns})
  Path Group:             (none)
  Path Type:              Hold (Min at Fast Process Corner)
  Data Path Delay:        0.943ns  (logic 0.302ns (31.995%)  route 0.641ns (68.005%))
  Logic Levels:           2  (IBUF=1 LUT6=1)
  Clock Path Skew:        2.008ns (DCD - SCD - CPR)
    Destination Clock Delay (DCD):    2.008ns
    Source Clock Delay      (SCD):    0.000ns
    Clock Pessimism Removal (CPR):    -0.000ns

    Location             Delay type                Incr(ns)  Path(ns)    Netlist Resource(s)
  -------------------------------------------------------------------    -------------------
    K18                                               0.000     0.000 f  rst (IN)
                         net (fo=0)                   0.000     0.000    rst
    K18                  IBUF (Prop_ibuf_I_O)         0.257     0.257 f  rst_IBUF_inst/O
                         net (fo=6, routed)           0.641     0.898    green/rst_IBUF
    SLICE_X43Y81         LUT6 (Prop_lut6_I4_O)        0.045     0.943 r  green/led_i_1__0/O
                         net (fo=1, routed)           0.000     0.943    green/led_i_1__0_n_0
    SLICE_X43Y81         FDRE                                         r  green/led_reg/D
  -------------------------------------------------------------------    -------------------

                         (clock sys_clk_pin rise edge)
                                                      0.000     0.000 r  
    K17                                               0.000     0.000 r  sys_clk (IN)
                         net (fo=0)                   0.000     0.000    sys_clk
    K17                  IBUF (Prop_ibuf_I_O)         0.447     0.447 r  sys_clk_IBUF_inst/O
                         net (fo=1, routed)           0.683     1.130    sys_clk_IBUF
    BUFGCTRL_X0Y16       BUFG (Prop_bufg_I_O)         0.029     1.159 r  sys_clk_IBUF_BUFG_inst/O
                         net (fo=81, routed)          0.849     2.008    green/sys_clk_IBUF_BUFG
    SLICE_X43Y81         FDRE                                         r  green/led_reg/C

Slack:                    inf
  Source:                 rst
                            (input port)
  Destination:            blue/led_reg/D
                            (rising edge-triggered cell FDRE clocked by sys_clk_pin  {rise@0.000ns fall@4.000ns period=8.000ns})
  Path Group:             (none)
  Path Type:              Hold (Min at Fast Process Corner)
  Data Path Delay:        0.944ns  (logic 0.302ns (31.961%)  route 0.642ns (68.039%))
  Logic Levels:           2  (IBUF=1 LUT6=1)
  Clock Path Skew:        2.008ns (DCD - SCD - CPR)
    Destination Clock Delay (DCD):    2.008ns
    Source Clock Delay      (SCD):    0.000ns
    Clock Pessimism Removal (CPR):    -0.000ns

    Location             Delay type                Incr(ns)  Path(ns)    Netlist Resource(s)
  -------------------------------------------------------------------    -------------------
    K18                                               0.000     0.000 f  rst (IN)
                         net (fo=0)                   0.000     0.000    rst
    K18                  IBUF (Prop_ibuf_I_O)         0.257     0.257 f  rst_IBUF_inst/O
                         net (fo=6, routed)           0.642     0.899    blue/rst_IBUF
    SLICE_X43Y81         LUT6 (Prop_lut6_I4_O)        0.045     0.944 r  blue/led_i_1__1/O
                         net (fo=1, routed)           0.000     0.944    blue/led_i_1__1_n_0
    SLICE_X43Y81         FDRE                                         r  blue/led_reg/D
  -------------------------------------------------------------------    -------------------

                         (clock sys_clk_pin rise edge)
                                                      0.000     0.000 r  
    K17                                               0.000     0.000 r  sys_clk (IN)
                         net (fo=0)                   0.000     0.000    sys_clk
    K17                  IBUF (Prop_ibuf_I_O)         0.447     0.447 r  sys_clk_IBUF_inst/O
                         net (fo=1, routed)           0.683     1.130    sys_clk_IBUF
    BUFGCTRL_X0Y16       BUFG (Prop_bufg_I_O)         0.029     1.159 r  sys_clk_IBUF_BUFG_inst/O
                         net (fo=81, routed)          0.849     2.008    blue/sys_clk_IBUF_BUFG
    SLICE_X43Y81         FDRE                                         r  blue/led_reg/C

Slack:                    inf
  Source:                 sw[1]
                            (input port)
  Destination:            red/i_reg[20]/R
                            (rising edge-triggered cell FDRE clocked by sys_clk_pin  {rise@0.000ns fall@4.000ns period=8.000ns})
  Path Group:             (none)
  Path Type:              Hold (Min at Fast Process Corner)
  Data Path Delay:        1.005ns  (logic 0.264ns (26.263%)  route 0.741ns (73.737%))
  Logic Levels:           2  (IBUF=1 LUT5=1)
  Clock Path Skew:        2.016ns (DCD - SCD - CPR)
    Destination Clock Delay (DCD):    2.016ns
    Source Clock Delay      (SCD):    0.000ns
    Clock Pessimism Removal (CPR):    -0.000ns

    Location             Delay type                Incr(ns)  Path(ns)    Netlist Resource(s)
  -------------------------------------------------------------------    -------------------
    P15                                               0.000     0.000 r  sw[1] (IN)
                         net (fo=0)                   0.000     0.000    sw[1]
    P15                  IBUF (Prop_ibuf_I_O)         0.219     0.219 r  sw_IBUF[1]_inst/O
                         net (fo=6, routed)           0.603     0.821    red/sw_IBUF[1]
    SLICE_X43Y16         LUT5 (Prop_lut5_I2_O)        0.045     0.866 r  red/i[0]_i_1/O
                         net (fo=26, routed)          0.138     1.005    red/i[0]_i_1_n_0
    SLICE_X42Y15         FDRE                                         r  red/i_reg[20]/R
  -------------------------------------------------------------------    -------------------

                         (clock sys_clk_pin rise edge)
                                                      0.000     0.000 r  
    K17                                               0.000     0.000 r  sys_clk (IN)
                         net (fo=0)                   0.000     0.000    sys_clk
    K17                  IBUF (Prop_ibuf_I_O)         0.447     0.447 r  sys_clk_IBUF_inst/O
                         net (fo=1, routed)           0.683     1.130    sys_clk_IBUF
    BUFGCTRL_X0Y16       BUFG (Prop_bufg_I_O)         0.029     1.159 r  sys_clk_IBUF_BUFG_inst/O
                         net (fo=81, routed)          0.857     2.016    red/sys_clk_IBUF_BUFG
    SLICE_X42Y15         FDRE                                         r  red/i_reg[20]/C

Slack:                    inf
  Source:                 sw[1]
                            (input port)
  Destination:            red/i_reg[21]/R
                            (rising edge-triggered cell FDRE clocked by sys_clk_pin  {rise@0.000ns fall@4.000ns period=8.000ns})
  Path Group:             (none)
  Path Type:              Hold (Min at Fast Process Corner)
  Data Path Delay:        1.005ns  (logic 0.264ns (26.263%)  route 0.741ns (73.737%))
  Logic Levels:           2  (IBUF=1 LUT5=1)
  Clock Path Skew:        2.016ns (DCD - SCD - CPR)
    Destination Clock Delay (DCD):    2.016ns
    Source Clock Delay      (SCD):    0.000ns
    Clock Pessimism Removal (CPR):    -0.000ns

    Location             Delay type                Incr(ns)  Path(ns)    Netlist Resource(s)
  -------------------------------------------------------------------    -------------------
    P15                                               0.000     0.000 r  sw[1] (IN)
                         net (fo=0)                   0.000     0.000    sw[1]
    P15                  IBUF (Prop_ibuf_I_O)         0.219     0.219 r  sw_IBUF[1]_inst/O
                         net (fo=6, routed)           0.603     0.821    red/sw_IBUF[1]
    SLICE_X43Y16         LUT5 (Prop_lut5_I2_O)        0.045     0.866 r  red/i[0]_i_1/O
                         net (fo=26, routed)          0.138     1.005    red/i[0]_i_1_n_0
    SLICE_X42Y15         FDRE                                         r  red/i_reg[21]/R
  -------------------------------------------------------------------    -------------------

                         (clock sys_clk_pin rise edge)
                                                      0.000     0.000 r  
    K17                                               0.000     0.000 r  sys_clk (IN)
                         net (fo=0)                   0.000     0.000    sys_clk
    K17                  IBUF (Prop_ibuf_I_O)         0.447     0.447 r  sys_clk_IBUF_inst/O
                         net (fo=1, routed)           0.683     1.130    sys_clk_IBUF
    BUFGCTRL_X0Y16       BUFG (Prop_bufg_I_O)         0.029     1.159 r  sys_clk_IBUF_BUFG_inst/O
                         net (fo=81, routed)          0.857     2.016    red/sys_clk_IBUF_BUFG
    SLICE_X42Y15         FDRE                                         r  red/i_reg[21]/C

Slack:                    inf
  Source:                 sw[1]
                            (input port)
  Destination:            red/i_reg[22]/R
                            (rising edge-triggered cell FDRE clocked by sys_clk_pin  {rise@0.000ns fall@4.000ns period=8.000ns})
  Path Group:             (none)
  Path Type:              Hold (Min at Fast Process Corner)
  Data Path Delay:        1.005ns  (logic 0.264ns (26.263%)  route 0.741ns (73.737%))
  Logic Levels:           2  (IBUF=1 LUT5=1)
  Clock Path Skew:        2.016ns (DCD - SCD - CPR)
    Destination Clock Delay (DCD):    2.016ns
    Source Clock Delay      (SCD):    0.000ns
    Clock Pessimism Removal (CPR):    -0.000ns

    Location             Delay type                Incr(ns)  Path(ns)    Netlist Resource(s)
  -------------------------------------------------------------------    -------------------
    P15                                               0.000     0.000 r  sw[1] (IN)
                         net (fo=0)                   0.000     0.000    sw[1]
    P15                  IBUF (Prop_ibuf_I_O)         0.219     0.219 r  sw_IBUF[1]_inst/O
                         net (fo=6, routed)           0.603     0.821    red/sw_IBUF[1]
    SLICE_X43Y16         LUT5 (Prop_lut5_I2_O)        0.045     0.866 r  red/i[0]_i_1/O
                         net (fo=26, routed)          0.138     1.005    red/i[0]_i_1_n_0
    SLICE_X42Y15         FDRE                                         r  red/i_reg[22]/R
  -------------------------------------------------------------------    -------------------

                         (clock sys_clk_pin rise edge)
                                                      0.000     0.000 r  
    K17                                               0.000     0.000 r  sys_clk (IN)
                         net (fo=0)                   0.000     0.000    sys_clk
    K17                  IBUF (Prop_ibuf_I_O)         0.447     0.447 r  sys_clk_IBUF_inst/O
                         net (fo=1, routed)           0.683     1.130    sys_clk_IBUF
    BUFGCTRL_X0Y16       BUFG (Prop_bufg_I_O)         0.029     1.159 r  sys_clk_IBUF_BUFG_inst/O
                         net (fo=81, routed)          0.857     2.016    red/sys_clk_IBUF_BUFG
    SLICE_X42Y15         FDRE                                         r  red/i_reg[22]/C

Slack:                    inf
  Source:                 sw[1]
                            (input port)
  Destination:            red/i_reg[23]/R
                            (rising edge-triggered cell FDRE clocked by sys_clk_pin  {rise@0.000ns fall@4.000ns period=8.000ns})
  Path Group:             (none)
  Path Type:              Hold (Min at Fast Process Corner)
  Data Path Delay:        1.005ns  (logic 0.264ns (26.263%)  route 0.741ns (73.737%))
  Logic Levels:           2  (IBUF=1 LUT5=1)
  Clock Path Skew:        2.016ns (DCD - SCD - CPR)
    Destination Clock Delay (DCD):    2.016ns
    Source Clock Delay      (SCD):    0.000ns
    Clock Pessimism Removal (CPR):    -0.000ns

    Location             Delay type                Incr(ns)  Path(ns)    Netlist Resource(s)
  -------------------------------------------------------------------    -------------------
    P15                                               0.000     0.000 r  sw[1] (IN)
                         net (fo=0)                   0.000     0.000    sw[1]
    P15                  IBUF (Prop_ibuf_I_O)         0.219     0.219 r  sw_IBUF[1]_inst/O
                         net (fo=6, routed)           0.603     0.821    red/sw_IBUF[1]
    SLICE_X43Y16         LUT5 (Prop_lut5_I2_O)        0.045     0.866 r  red/i[0]_i_1/O
                         net (fo=26, routed)          0.138     1.005    red/i[0]_i_1_n_0
    SLICE_X42Y15         FDRE                                         r  red/i_reg[23]/R
  -------------------------------------------------------------------    -------------------

                         (clock sys_clk_pin rise edge)
                                                      0.000     0.000 r  
    K17                                               0.000     0.000 r  sys_clk (IN)
                         net (fo=0)                   0.000     0.000    sys_clk
    K17                  IBUF (Prop_ibuf_I_O)         0.447     0.447 r  sys_clk_IBUF_inst/O
                         net (fo=1, routed)           0.683     1.130    sys_clk_IBUF
    BUFGCTRL_X0Y16       BUFG (Prop_bufg_I_O)         0.029     1.159 r  sys_clk_IBUF_BUFG_inst/O
                         net (fo=81, routed)          0.857     2.016    red/sys_clk_IBUF_BUFG
    SLICE_X42Y15         FDRE                                         r  red/i_reg[23]/C

Slack:                    inf
  Source:                 rst
                            (input port)
  Destination:            blue/i_reg[10]/R
                            (rising edge-triggered cell FDRE clocked by sys_clk_pin  {rise@0.000ns fall@4.000ns period=8.000ns})
  Path Group:             (none)
  Path Type:              Hold (Min at Fast Process Corner)
  Data Path Delay:        1.034ns  (logic 0.302ns (29.159%)  route 0.733ns (70.841%))
  Logic Levels:           2  (IBUF=1 LUT5=1)
  Clock Path Skew:        2.009ns (DCD - SCD - CPR)
    Destination Clock Delay (DCD):    2.009ns
    Source Clock Delay      (SCD):    0.000ns
    Clock Pessimism Removal (CPR):    -0.000ns

    Location             Delay type                Incr(ns)  Path(ns)    Netlist Resource(s)
  -------------------------------------------------------------------    -------------------
    K18                                               0.000     0.000 r  rst (IN)
                         net (fo=0)                   0.000     0.000    rst
    K18                  IBUF (Prop_ibuf_I_O)         0.257     0.257 r  rst_IBUF_inst/O
                         net (fo=6, routed)           0.580     0.837    blue/rst_IBUF
    SLICE_X43Y81         LUT5 (Prop_lut5_I2_O)        0.045     0.882 r  blue/i[0]_i_1__1/O
                         net (fo=26, routed)          0.153     1.034    blue/i[0]_i_1__1_n_0
    SLICE_X42Y82         FDRE                                         r  blue/i_reg[10]/R
  -------------------------------------------------------------------    -------------------

                         (clock sys_clk_pin rise edge)
                                                      0.000     0.000 r  
    K17                                               0.000     0.000 r  sys_clk (IN)
                         net (fo=0)                   0.000     0.000    sys_clk
    K17                  IBUF (Prop_ibuf_I_O)         0.447     0.447 r  sys_clk_IBUF_inst/O
                         net (fo=1, routed)           0.683     1.130    sys_clk_IBUF
    BUFGCTRL_X0Y16       BUFG (Prop_bufg_I_O)         0.029     1.159 r  sys_clk_IBUF_BUFG_inst/O
                         net (fo=81, routed)          0.850     2.009    blue/sys_clk_IBUF_BUFG
    SLICE_X42Y82         FDRE                                         r  blue/i_reg[10]/C

Slack:                    inf
  Source:                 rst
                            (input port)
  Destination:            blue/i_reg[11]/R
                            (rising edge-triggered cell FDRE clocked by sys_clk_pin  {rise@0.000ns fall@4.000ns period=8.000ns})
  Path Group:             (none)
  Path Type:              Hold (Min at Fast Process Corner)
  Data Path Delay:        1.034ns  (logic 0.302ns (29.159%)  route 0.733ns (70.841%))
  Logic Levels:           2  (IBUF=1 LUT5=1)
  Clock Path Skew:        2.009ns (DCD - SCD - CPR)
    Destination Clock Delay (DCD):    2.009ns
    Source Clock Delay      (SCD):    0.000ns
    Clock Pessimism Removal (CPR):    -0.000ns

    Location             Delay type                Incr(ns)  Path(ns)    Netlist Resource(s)
  -------------------------------------------------------------------    -------------------
    K18                                               0.000     0.000 r  rst (IN)
                         net (fo=0)                   0.000     0.000    rst
    K18                  IBUF (Prop_ibuf_I_O)         0.257     0.257 r  rst_IBUF_inst/O
                         net (fo=6, routed)           0.580     0.837    blue/rst_IBUF
    SLICE_X43Y81         LUT5 (Prop_lut5_I2_O)        0.045     0.882 r  blue/i[0]_i_1__1/O
                         net (fo=26, routed)          0.153     1.034    blue/i[0]_i_1__1_n_0
    SLICE_X42Y82         FDRE                                         r  blue/i_reg[11]/R
  -------------------------------------------------------------------    -------------------

                         (clock sys_clk_pin rise edge)
                                                      0.000     0.000 r  
    K17                                               0.000     0.000 r  sys_clk (IN)
                         net (fo=0)                   0.000     0.000    sys_clk
    K17                  IBUF (Prop_ibuf_I_O)         0.447     0.447 r  sys_clk_IBUF_inst/O
                         net (fo=1, routed)           0.683     1.130    sys_clk_IBUF
    BUFGCTRL_X0Y16       BUFG (Prop_bufg_I_O)         0.029     1.159 r  sys_clk_IBUF_BUFG_inst/O
                         net (fo=81, routed)          0.850     2.009    blue/sys_clk_IBUF_BUFG
    SLICE_X42Y82         FDRE                                         r  blue/i_reg[11]/C

Slack:                    inf
  Source:                 rst
                            (input port)
  Destination:            blue/i_reg[8]/R
                            (rising edge-triggered cell FDRE clocked by sys_clk_pin  {rise@0.000ns fall@4.000ns period=8.000ns})
  Path Group:             (none)
  Path Type:              Hold (Min at Fast Process Corner)
  Data Path Delay:        1.034ns  (logic 0.302ns (29.159%)  route 0.733ns (70.841%))
  Logic Levels:           2  (IBUF=1 LUT5=1)
  Clock Path Skew:        2.009ns (DCD - SCD - CPR)
    Destination Clock Delay (DCD):    2.009ns
    Source Clock Delay      (SCD):    0.000ns
    Clock Pessimism Removal (CPR):    -0.000ns

    Location             Delay type                Incr(ns)  Path(ns)    Netlist Resource(s)
  -------------------------------------------------------------------    -------------------
    K18                                               0.000     0.000 r  rst (IN)
                         net (fo=0)                   0.000     0.000    rst
    K18                  IBUF (Prop_ibuf_I_O)         0.257     0.257 r  rst_IBUF_inst/O
                         net (fo=6, routed)           0.580     0.837    blue/rst_IBUF
    SLICE_X43Y81         LUT5 (Prop_lut5_I2_O)        0.045     0.882 r  blue/i[0]_i_1__1/O
                         net (fo=26, routed)          0.153     1.034    blue/i[0]_i_1__1_n_0
    SLICE_X42Y82         FDRE                                         r  blue/i_reg[8]/R
  -------------------------------------------------------------------    -------------------

                         (clock sys_clk_pin rise edge)
                                                      0.000     0.000 r  
    K17                                               0.000     0.000 r  sys_clk (IN)
                         net (fo=0)                   0.000     0.000    sys_clk
    K17                  IBUF (Prop_ibuf_I_O)         0.447     0.447 r  sys_clk_IBUF_inst/O
                         net (fo=1, routed)           0.683     1.130    sys_clk_IBUF
    BUFGCTRL_X0Y16       BUFG (Prop_bufg_I_O)         0.029     1.159 r  sys_clk_IBUF_BUFG_inst/O
                         net (fo=81, routed)          0.850     2.009    blue/sys_clk_IBUF_BUFG
    SLICE_X42Y82         FDRE                                         r  blue/i_reg[8]/C





