Copyright 1986-2022 Xilinx, Inc. All Rights Reserved. Copyright 2022-2023 Advanced Micro Devices, Inc. All Rights Reserved.
---------------------------------------------------------------------------------------------------------------------------------------------------------------------------------------------------------------------------------
| Tool Version : Vivado v.2023.2 (win64) Build 4029153 Fri Oct 13 20:14:34 MDT 2023
| Date         : Sun Sep 13 13:09:38 2026
| Host         : eves running 64-bit major release  (build 9200)
| Command      : report_timing_summary -max_paths 10 -report_unconstrained -file blinking_led_timing_summary_routed.rpt -pb blinking_led_timing_summary_routed.pb -rpx blinking_led_timing_summary_routed.rpx -warn_on_violation
| Design       : blinking_led
| Device       : 7z010-clg400
| Speed File   : -1  PRODUCTION 1.12 2019-11-22
| Design State : Routed
---------------------------------------------------------------------------------------------------------------------------------------------------------------------------------------------------------------------------------

Timing Summary Report

------------------------------------------------------------------------------------------------
| Timer Settings
| --------------
------------------------------------------------------------------------------------------------

  Enable Multi Corner Analysis               :  Yes
  Enable Pessimism Removal                   :  Yes
  Pessimism Removal Resolution               :  Nearest Common Node
  Enable Input Delay Default Clock           :  No
  Enable Preset / Clear Arcs                 :  No
  Disable Flight Delays                      :  No
  Ignore I/O Paths                           :  No
  Timing Early Launch at Borrowing Latches   :  No
  Borrow Time for Max Delay Exceptions       :  Yes
  Merge Timing Exceptions                    :  Yes
  Inter-SLR Compensation                     :  Conservative

  Corner  Analyze    Analyze    
  Name    Max Paths  Min Paths  
  ------  ---------  ---------  
  Slow    Yes        Yes        
  Fast    Yes        Yes        


------------------------------------------------------------------------------------------------
| Report Methodology
| ------------------
------------------------------------------------------------------------------------------------

Rule       Severity  Description                    Violations  
---------  --------  -----------------------------  ----------  
TIMING-18  Warning   Missing input or output delay  3           

Note: This report is based on the most recent report_methodology run and may not be up-to-date. Run report_methodology on the current design for the latest report.



check_timing report

Table of Contents
-----------------
1. checking no_clock (0)
2. checking constant_clock (0)
3. checking pulse_width_clock (0)
4. checking unconstrained_internal_endpoints (0)
5. checking no_input_delay (2)
6. checking no_output_delay (1)
7. checking multiple_clock (0)
8. checking generated_clocks (0)
9. checking loops (0)
10. checking partial_input_delay (0)
11. checking partial_output_delay (0)
12. checking latch_loops (0)

1. checking no_clock (0)
------------------------
 There are 0 register/latch pins with no clock.


2. checking constant_clock (0)
------------------------------
 There are 0 register/latch pins with constant_clock.


3. checking pulse_width_clock (0)
---------------------------------
 There are 0 register/latch pins which need pulse_width check


4. checking unconstrained_internal_endpoints (0)
------------------------------------------------
 There are 0 pins that are not constrained for maximum delay.

 There are 0 pins that are not constrained for maximum delay due to constant clock.


5. checking no_input_delay (2)
------------------------------
 There are 2 input ports with no input delay specified. (HIGH)

 There are 0 input ports with no input delay but user has a false path constraint.


6. checking no_output_delay (1)
-------------------------------
 There is 1 port with no output delay specified. (HIGH)

 There are 0 ports with no output delay but user has a false path constraint

 There are 0 ports with no output delay but with a timing clock defined on it or propagating through it


7. checking multiple_clock (0)
------------------------------
 There are 0 register/latch pins with multiple clocks.


8. checking generated_clocks (0)
--------------------------------
 There are 0 generated clocks that are not connected to a clock source.


9. checking loops (0)
---------------------
 There are 0 combinational loops in the design.


10. checking partial_input_delay (0)
------------------------------------
 There are 0 input ports with partial input delay specified.


11. checking partial_output_delay (0)
-------------------------------------
 There are 0 ports with partial output delay specified.


12. checking latch_loops (0)
----------------------------
 There are 0 combinational latch loops in the design through latch input



------------------------------------------------------------------------------------------------
| Design Timing Summary
| ---------------------
------------------------------------------------------------------------------------------------

    WNS(ns)      TNS(ns)  TNS Failing Endpoints  TNS Total Endpoints      WHS(ns)      THS(ns)  THS Failing Endpoints  THS Total Endpoints     WPWS(ns)     TPWS(ns)  TPWS Failing Endpoints  TPWS Total Endpoints  
    -------      -------  ---------------------  -------------------      -------      -------  ---------------------  -------------------     --------     --------  ----------------------  --------------------  
      3.339        0.000                      0                   53        0.261        0.000                      0                   53        3.500        0.000                       0                    28  


All user specified timing constraints are met.


------------------------------------------------------------------------------------------------
| Clock Summary
| -------------
------------------------------------------------------------------------------------------------

Clock        Waveform(ns)         Period(ns)      Frequency(MHz)
-----        ------------         ----------      --------------
sys_clk_pin  {0.000 4.000}        8.000           125.000         


------------------------------------------------------------------------------------------------
| Intra Clock Table
| -----------------
------------------------------------------------------------------------------------------------

Clock             WNS(ns)      TNS(ns)  TNS Failing Endpoints  TNS Total Endpoints      WHS(ns)      THS(ns)  THS Failing Endpoints  THS Total Endpoints     WPWS(ns)     TPWS(ns)  TPWS Failing Endpoints  TPWS Total Endpoints  
-----             -------      -------  ---------------------  -------------------      -------      -------  ---------------------  -------------------     --------     --------  ----------------------  --------------------  
sys_clk_pin         3.339        0.000                      0                   53        0.261        0.000                      0                   53        3.500        0.000                       0                    28  


------------------------------------------------------------------------------------------------
| Inter Clock Table
| -----------------
------------------------------------------------------------------------------------------------

From Clock    To Clock          WNS(ns)      TNS(ns)  TNS Failing Endpoints  TNS Total Endpoints      WHS(ns)      THS(ns)  THS Failing Endpoints  THS Total Endpoints  
----------    --------          -------      -------  ---------------------  -------------------      -------      -------  ---------------------  -------------------  


------------------------------------------------------------------------------------------------
| Other Path Groups Table
| -----------------------
------------------------------------------------------------------------------------------------

Path Group    From Clock    To Clock          WNS(ns)      TNS(ns)  TNS Failing Endpoints  TNS Total Endpoints      WHS(ns)      THS(ns)  THS Failing Endpoints  THS Total Endpoints  
----------    ----------    --------          -------      -------  ---------------------  -------------------      -------      -------  ---------------------  -------------------  


------------------------------------------------------------------------------------------------
| User Ignored Path Table
| -----------------------
------------------------------------------------------------------------------------------------

Path Group    From Clock    To Clock    
----------    ----------    --------    


------------------------------------------------------------------------------------------------
| Unconstrained Path Table
| ------------------------
------------------------------------------------------------------------------------------------

Path Group    From Clock    To Clock    
----------    ----------    --------    
(none)        sys_clk_pin                 
(none)                      sys_clk_pin   


------------------------------------------------------------------------------------------------
| Timing Details
| --------------
------------------------------------------------------------------------------------------------


---------------------------------------------------------------------------------------------------
From Clock:  sys_clk_pin
  To Clock:  sys_clk_pin

Setup :            0  Failing Endpoints,  Worst Slack        3.339ns,  Total Violation        0.000ns
Hold  :            0  Failing Endpoints,  Worst Slack        0.261ns,  Total Violation        0.000ns
PW    :            0  Failing Endpoints,  Worst Slack        3.500ns,  Total Violation        0.000ns
---------------------------------------------------------------------------------------------------


Max Delay Paths
--------------------------------------------------------------------------------------
Slack (MET) :             3.339ns  (required time - arrival time)
  Source:                 i_reg[25]/C
                            (rising edge-triggered cell FDRE clocked by sys_clk_pin  {rise@0.000ns fall@4.000ns period=8.000ns})
  Destination:            i_reg[0]/R
                            (rising edge-triggered cell FDRE clocked by sys_clk_pin  {rise@0.000ns fall@4.000ns period=8.000ns})
  Path Group:             sys_clk_pin
  Path Type:              Setup (Max at Slow Process Corner)
  Requirement:            8.000ns  (sys_clk_pin rise@8.000ns - sys_clk_pin rise@0.000ns)
  Data Path Delay:        4.173ns  (logic 0.828ns (19.840%)  route 3.345ns (80.160%))
  Logic Levels:           3  (LUT3=1 LUT6=2)
  Clock Path Skew:        -0.023ns (DCD - SCD + CPR)
    Destination Clock Delay (DCD):    4.956ns = ( 12.956 - 8.000 ) 
    Source Clock Delay      (SCD):    5.408ns
    Clock Pessimism Removal (CPR):    0.429ns
  Clock Uncertainty:      0.035ns  ((TSJ^2 + TIJ^2)^1/2 + DJ) / 2 + PE
    Total System Jitter     (TSJ):    0.071ns
    Total Input Jitter      (TIJ):    0.000ns
    Discrete Jitter          (DJ):    0.000ns
    Phase Error              (PE):    0.000ns

    Location             Delay type                Incr(ns)  Path(ns)    Netlist Resource(s)
  -------------------------------------------------------------------    -------------------
                         (clock sys_clk_pin rise edge)
                                                      0.000     0.000 r  
    K17                                               0.000     0.000 r  sys_clk (IN)
                         net (fo=0)                   0.000     0.000    sys_clk
    K17                  IBUF (Prop_ibuf_I_O)         1.492     1.492 r  sys_clk_IBUF_inst/O
                         net (fo=1, routed)           2.076     3.568    sys_clk_IBUF
    BUFGCTRL_X0Y16       BUFG (Prop_bufg_I_O)         0.101     3.669 r  sys_clk_IBUF_BUFG_inst/O
                         net (fo=27, routed)          1.739     5.408    sys_clk_IBUF_BUFG
    SLICE_X43Y57         FDRE                                         r  i_reg[25]/C
  -------------------------------------------------------------------    -------------------
    SLICE_X43Y57         FDRE (Prop_fdre_C_Q)         0.456     5.864 r  i_reg[25]/Q
                         net (fo=2, routed)           0.881     6.744    i_reg[25]
    SLICE_X42Y56         LUT6 (Prop_lut6_I4_O)        0.124     6.868 r  i[0]_i_6/O
                         net (fo=1, routed)           0.807     7.675    i[0]_i_6_n_0
    SLICE_X42Y53         LUT6 (Prop_lut6_I1_O)        0.124     7.799 r  i[0]_i_3/O
                         net (fo=2, routed)           0.813     8.612    led
    SLICE_X42Y57         LUT3 (Prop_lut3_I0_O)        0.124     8.736 r  i[0]_i_1/O
                         net (fo=26, routed)          0.845     9.581    i[0]_i_1_n_0
    SLICE_X43Y51         FDRE                                         r  i_reg[0]/R
  -------------------------------------------------------------------    -------------------

                         (clock sys_clk_pin rise edge)
                                                      8.000     8.000 r  
    K17                                               0.000     8.000 r  sys_clk (IN)
                         net (fo=0)                   0.000     8.000    sys_clk
    K17                  IBUF (Prop_ibuf_I_O)         1.421     9.421 r  sys_clk_IBUF_inst/O
                         net (fo=1, routed)           1.880    11.301    sys_clk_IBUF
    BUFGCTRL_X0Y16       BUFG (Prop_bufg_I_O)         0.091    11.392 r  sys_clk_IBUF_BUFG_inst/O
                         net (fo=27, routed)          1.564    12.956    sys_clk_IBUF_BUFG
    SLICE_X43Y51         FDRE                                         r  i_reg[0]/C
                         clock pessimism              0.429    13.385    
                         clock uncertainty           -0.035    13.349    
    SLICE_X43Y51         FDRE (Setup_fdre_C_R)       -0.429    12.920    i_reg[0]
  -------------------------------------------------------------------
                         required time                         12.920    
                         arrival time                          -9.581    
  -------------------------------------------------------------------
                         slack                                  3.339    

Slack (MET) :             3.339ns  (required time - arrival time)
  Source:                 i_reg[25]/C
                            (rising edge-triggered cell FDRE clocked by sys_clk_pin  {rise@0.000ns fall@4.000ns period=8.000ns})
  Destination:            i_reg[1]/R
                            (rising edge-triggered cell FDRE clocked by sys_clk_pin  {rise@0.000ns fall@4.000ns period=8.000ns})
  Path Group:             sys_clk_pin
  Path Type:              Setup (Max at Slow Process Corner)
  Requirement:            8.000ns  (sys_clk_pin rise@8.000ns - sys_clk_pin rise@0.000ns)
  Data Path Delay:        4.173ns  (logic 0.828ns (19.840%)  route 3.345ns (80.160%))
  Logic Levels:           3  (LUT3=1 LUT6=2)
  Clock Path Skew:        -0.023ns (DCD - SCD + CPR)
    Destination Clock Delay (DCD):    4.956ns = ( 12.956 - 8.000 ) 
    Source Clock Delay      (SCD):    5.408ns
    Clock Pessimism Removal (CPR):    0.429ns
  Clock Uncertainty:      0.035ns  ((TSJ^2 + TIJ^2)^1/2 + DJ) / 2 + PE
    Total System Jitter     (TSJ):    0.071ns
    Total Input Jitter      (TIJ):    0.000ns
    Discrete Jitter          (DJ):    0.000ns
    Phase Error              (PE):    0.000ns

    Location             Delay type                Incr(ns)  Path(ns)    Netlist Resource(s)
  -------------------------------------------------------------------    -------------------
                         (clock sys_clk_pin rise edge)
                                                      0.000     0.000 r  
    K17                                               0.000     0.000 r  sys_clk (IN)
                         net (fo=0)                   0.000     0.000    sys_clk
    K17                  IBUF (Prop_ibuf_I_O)         1.492     1.492 r  sys_clk_IBUF_inst/O
                         net (fo=1, routed)           2.076     3.568    sys_clk_IBUF
    BUFGCTRL_X0Y16       BUFG (Prop_bufg_I_O)         0.101     3.669 r  sys_clk_IBUF_BUFG_inst/O
                         net (fo=27, routed)          1.739     5.408    sys_clk_IBUF_BUFG
    SLICE_X43Y57         FDRE                                         r  i_reg[25]/C
  -------------------------------------------------------------------    -------------------
    SLICE_X43Y57         FDRE (Prop_fdre_C_Q)         0.456     5.864 r  i_reg[25]/Q
                         net (fo=2, routed)           0.881     6.744    i_reg[25]
    SLICE_X42Y56         LUT6 (Prop_lut6_I4_O)        0.124     6.868 r  i[0]_i_6/O
                         net (fo=1, routed)           0.807     7.675    i[0]_i_6_n_0
    SLICE_X42Y53         LUT6 (Prop_lut6_I1_O)        0.124     7.799 r  i[0]_i_3/O
                         net (fo=2, routed)           0.813     8.612    led
    SLICE_X42Y57         LUT3 (Prop_lut3_I0_O)        0.124     8.736 r  i[0]_i_1/O
                         net (fo=26, routed)          0.845     9.581    i[0]_i_1_n_0
    SLICE_X43Y51         FDRE                                         r  i_reg[1]/R
  -------------------------------------------------------------------    -------------------

                         (clock sys_clk_pin rise edge)
                                                      8.000     8.000 r  
    K17                                               0.000     8.000 r  sys_clk (IN)
                         net (fo=0)                   0.000     8.000    sys_clk
    K17                  IBUF (Prop_ibuf_I_O)         1.421     9.421 r  sys_clk_IBUF_inst/O
                         net (fo=1, routed)           1.880    11.301    sys_clk_IBUF
    BUFGCTRL_X0Y16       BUFG (Prop_bufg_I_O)         0.091    11.392 r  sys_clk_IBUF_BUFG_inst/O
                         net (fo=27, routed)          1.564    12.956    sys_clk_IBUF_BUFG
    SLICE_X43Y51         FDRE                                         r  i_reg[1]/C
                         clock pessimism              0.429    13.385    
                         clock uncertainty           -0.035    13.349    
    SLICE_X43Y51         FDRE (Setup_fdre_C_R)       -0.429    12.920    i_reg[1]
  -------------------------------------------------------------------
                         required time                         12.920    
                         arrival time                          -9.581    
  -------------------------------------------------------------------
                         slack                                  3.339    

Slack (MET) :             3.339ns  (required time - arrival time)
  Source:                 i_reg[25]/C
                            (rising edge-triggered cell FDRE clocked by sys_clk_pin  {rise@0.000ns fall@4.000ns period=8.000ns})
  Destination:            i_reg[2]/R
                            (rising edge-triggered cell FDRE clocked by sys_clk_pin  {rise@0.000ns fall@4.000ns period=8.000ns})
  Path Group:             sys_clk_pin
  Path Type:              Setup (Max at Slow Process Corner)
  Requirement:            8.000ns  (sys_clk_pin rise@8.000ns - sys_clk_pin rise@0.000ns)
  Data Path Delay:        4.173ns  (logic 0.828ns (19.840%)  route 3.345ns (80.160%))
  Logic Levels:           3  (LUT3=1 LUT6=2)
  Clock Path Skew:        -0.023ns (DCD - SCD + CPR)
    Destination Clock Delay (DCD):    4.956ns = ( 12.956 - 8.000 ) 
    Source Clock Delay      (SCD):    5.408ns
    Clock Pessimism Removal (CPR):    0.429ns
  Clock Uncertainty:      0.035ns  ((TSJ^2 + TIJ^2)^1/2 + DJ) / 2 + PE
    Total System Jitter     (TSJ):    0.071ns
    Total Input Jitter      (TIJ):    0.000ns
    Discrete Jitter          (DJ):    0.000ns
    Phase Error              (PE):    0.000ns

    Location             Delay type                Incr(ns)  Path(ns)    Netlist Resource(s)
  -------------------------------------------------------------------    -------------------
                         (clock sys_clk_pin rise edge)
                                                      0.000     0.000 r  
    K17                                               0.000     0.000 r  sys_clk (IN)
                         net (fo=0)                   0.000     0.000    sys_clk
    K17                  IBUF (Prop_ibuf_I_O)         1.492     1.492 r  sys_clk_IBUF_inst/O
                         net (fo=1, routed)           2.076     3.568    sys_clk_IBUF
    BUFGCTRL_X0Y16       BUFG (Prop_bufg_I_O)         0.101     3.669 r  sys_clk_IBUF_BUFG_inst/O
                         net (fo=27, routed)          1.739     5.408    sys_clk_IBUF_BUFG
    SLICE_X43Y57         FDRE                                         r  i_reg[25]/C
  -------------------------------------------------------------------    -------------------
    SLICE_X43Y57         FDRE (Prop_fdre_C_Q)         0.456     5.864 r  i_reg[25]/Q
                         net (fo=2, routed)           0.881     6.744    i_reg[25]
    SLICE_X42Y56         LUT6 (Prop_lut6_I4_O)        0.124     6.868 r  i[0]_i_6/O
                         net (fo=1, routed)           0.807     7.675    i[0]_i_6_n_0
    SLICE_X42Y53         LUT6 (Prop_lut6_I1_O)        0.124     7.799 r  i[0]_i_3/O
                         net (fo=2, routed)           0.813     8.612    led
    SLICE_X42Y57         LUT3 (Prop_lut3_I0_O)        0.124     8.736 r  i[0]_i_1/O
                         net (fo=26, routed)          0.845     9.581    i[0]_i_1_n_0
    SLICE_X43Y51         FDRE                                         r  i_reg[2]/R
  -------------------------------------------------------------------    -------------------

                         (clock sys_clk_pin rise edge)
                                                      8.000     8.000 r  
    K17                                               0.000     8.000 r  sys_clk (IN)
                         net (fo=0)                   0.000     8.000    sys_clk
    K17                  IBUF (Prop_ibuf_I_O)         1.421     9.421 r  sys_clk_IBUF_inst/O
                         net (fo=1, routed)           1.880    11.301    sys_clk_IBUF
    BUFGCTRL_X0Y16       BUFG (Prop_bufg_I_O)         0.091    11.392 r  sys_clk_IBUF_BUFG_inst/O
                         net (fo=27, routed)          1.564    12.956    sys_clk_IBUF_BUFG
    SLICE_X43Y51         FDRE                                         r  i_reg[2]/C
                         clock pessimism              0.429    13.385    
                         clock uncertainty           -0.035    13.349    
    SLICE_X43Y51         FDRE (Setup_fdre_C_R)       -0.429    12.920    i_reg[2]
  -------------------------------------------------------------------
                         required time                         12.920    
                         arrival time                          -9.581    
  -------------------------------------------------------------------
                         slack                                  3.339    

Slack (MET) :             3.339ns  (required time - arrival time)
  Source:                 i_reg[25]/C
                            (rising edge-triggered cell FDRE clocked by sys_clk_pin  {rise@0.000ns fall@4.000ns period=8.000ns})
  Destination:            i_reg[3]/R
                            (rising edge-triggered cell FDRE clocked by sys_clk_pin  {rise@0.000ns fall@4.000ns period=8.000ns})
  Path Group:             sys_clk_pin
  Path Type:              Setup (Max at Slow Process Corner)
  Requirement:            8.000ns  (sys_clk_pin rise@8.000ns - sys_clk_pin rise@0.000ns)
  Data Path Delay:        4.173ns  (logic 0.828ns (19.840%)  route 3.345ns (80.160%))
  Logic Levels:           3  (LUT3=1 LUT6=2)
  Clock Path Skew:        -0.023ns (DCD - SCD + CPR)
    Destination Clock Delay (DCD):    4.956ns = ( 12.956 - 8.000 ) 
    Source Clock Delay      (SCD):    5.408ns
    Clock Pessimism Removal (CPR):    0.429ns
  Clock Uncertainty:      0.035ns  ((TSJ^2 + TIJ^2)^1/2 + DJ) / 2 + PE
    Total System Jitter     (TSJ):    0.071ns
    Total Input Jitter      (TIJ):    0.000ns
    Discrete Jitter          (DJ):    0.000ns
    Phase Error              (PE):    0.000ns

    Location             Delay type                Incr(ns)  Path(ns)    Netlist Resource(s)
  -------------------------------------------------------------------    -------------------
                         (clock sys_clk_pin rise edge)
                                                      0.000     0.000 r  
    K17                                               0.000     0.000 r  sys_clk (IN)
                         net (fo=0)                   0.000     0.000    sys_clk
    K17                  IBUF (Prop_ibuf_I_O)         1.492     1.492 r  sys_clk_IBUF_inst/O
                         net (fo=1, routed)           2.076     3.568    sys_clk_IBUF
    BUFGCTRL_X0Y16       BUFG (Prop_bufg_I_O)         0.101     3.669 r  sys_clk_IBUF_BUFG_inst/O
                         net (fo=27, routed)          1.739     5.408    sys_clk_IBUF_BUFG
    SLICE_X43Y57         FDRE                                         r  i_reg[25]/C
  -------------------------------------------------------------------    -------------------
    SLICE_X43Y57         FDRE (Prop_fdre_C_Q)         0.456     5.864 r  i_reg[25]/Q
                         net (fo=2, routed)           0.881     6.744    i_reg[25]
    SLICE_X42Y56         LUT6 (Prop_lut6_I4_O)        0.124     6.868 r  i[0]_i_6/O
                         net (fo=1, routed)           0.807     7.675    i[0]_i_6_n_0
    SLICE_X42Y53         LUT6 (Prop_lut6_I1_O)        0.124     7.799 r  i[0]_i_3/O
                         net (fo=2, routed)           0.813     8.612    led
    SLICE_X42Y57         LUT3 (Prop_lut3_I0_O)        0.124     8.736 r  i[0]_i_1/O
                         net (fo=26, routed)          0.845     9.581    i[0]_i_1_n_0
    SLICE_X43Y51         FDRE                                         r  i_reg[3]/R
  -------------------------------------------------------------------    -------------------

                         (clock sys_clk_pin rise edge)
                                                      8.000     8.000 r  
    K17                                               0.000     8.000 r  sys_clk (IN)
                         net (fo=0)                   0.000     8.000    sys_clk
    K17                  IBUF (Prop_ibuf_I_O)         1.421     9.421 r  sys_clk_IBUF_inst/O
                         net (fo=1, routed)           1.880    11.301    sys_clk_IBUF
    BUFGCTRL_X0Y16       BUFG (Prop_bufg_I_O)         0.091    11.392 r  sys_clk_IBUF_BUFG_inst/O
                         net (fo=27, routed)          1.564    12.956    sys_clk_IBUF_BUFG
    SLICE_X43Y51         FDRE                                         r  i_reg[3]/C
                         clock pessimism              0.429    13.385    
                         clock uncertainty           -0.035    13.349    
    SLICE_X43Y51         FDRE (Setup_fdre_C_R)       -0.429    12.920    i_reg[3]
  -------------------------------------------------------------------
                         required time                         12.920    
                         arrival time                          -9.581    
  -------------------------------------------------------------------
                         slack                                  3.339    

Slack (MET) :             3.480ns  (required time - arrival time)
  Source:                 i_reg[25]/C
                            (rising edge-triggered cell FDRE clocked by sys_clk_pin  {rise@0.000ns fall@4.000ns period=8.000ns})
  Destination:            i_reg[4]/R
                            (rising edge-triggered cell FDRE clocked by sys_clk_pin  {rise@0.000ns fall@4.000ns period=8.000ns})
  Path Group:             sys_clk_pin
  Path Type:              Setup (Max at Slow Process Corner)
  Requirement:            8.000ns  (sys_clk_pin rise@8.000ns - sys_clk_pin rise@0.000ns)
  Data Path Delay:        4.032ns  (logic 0.828ns (20.534%)  route 3.204ns (79.466%))
  Logic Levels:           3  (LUT3=1 LUT6=2)
  Clock Path Skew:        -0.023ns (DCD - SCD + CPR)
    Destination Clock Delay (DCD):    4.956ns = ( 12.956 - 8.000 ) 
    Source Clock Delay      (SCD):    5.408ns
    Clock Pessimism Removal (CPR):    0.429ns
  Clock Uncertainty:      0.035ns  ((TSJ^2 + TIJ^2)^1/2 + DJ) / 2 + PE
    Total System Jitter     (TSJ):    0.071ns
    Total Input Jitter      (TIJ):    0.000ns
    Discrete Jitter          (DJ):    0.000ns
    Phase Error              (PE):    0.000ns

    Location             Delay type                Incr(ns)  Path(ns)    Netlist Resource(s)
  -------------------------------------------------------------------    -------------------
                         (clock sys_clk_pin rise edge)
                                                      0.000     0.000 r  
    K17                                               0.000     0.000 r  sys_clk (IN)
                         net (fo=0)                   0.000     0.000    sys_clk
    K17                  IBUF (Prop_ibuf_I_O)         1.492     1.492 r  sys_clk_IBUF_inst/O
                         net (fo=1, routed)           2.076     3.568    sys_clk_IBUF
    BUFGCTRL_X0Y16       BUFG (Prop_bufg_I_O)         0.101     3.669 r  sys_clk_IBUF_BUFG_inst/O
                         net (fo=27, routed)          1.739     5.408    sys_clk_IBUF_BUFG
    SLICE_X43Y57         FDRE                                         r  i_reg[25]/C
  -------------------------------------------------------------------    -------------------
    SLICE_X43Y57         FDRE (Prop_fdre_C_Q)         0.456     5.864 r  i_reg[25]/Q
                         net (fo=2, routed)           0.881     6.744    i_reg[25]
    SLICE_X42Y56         LUT6 (Prop_lut6_I4_O)        0.124     6.868 r  i[0]_i_6/O
                         net (fo=1, routed)           0.807     7.675    i[0]_i_6_n_0
    SLICE_X42Y53         LUT6 (Prop_lut6_I1_O)        0.124     7.799 r  i[0]_i_3/O
                         net (fo=2, routed)           0.813     8.612    led
    SLICE_X42Y57         LUT3 (Prop_lut3_I0_O)        0.124     8.736 r  i[0]_i_1/O
                         net (fo=26, routed)          0.704     9.440    i[0]_i_1_n_0
    SLICE_X43Y52         FDRE                                         r  i_reg[4]/R
  -------------------------------------------------------------------    -------------------

                         (clock sys_clk_pin rise edge)
                                                      8.000     8.000 r  
    K17                                               0.000     8.000 r  sys_clk (IN)
                         net (fo=0)                   0.000     8.000    sys_clk
    K17                  IBUF (Prop_ibuf_I_O)         1.421     9.421 r  sys_clk_IBUF_inst/O
                         net (fo=1, routed)           1.880    11.301    sys_clk_IBUF
    BUFGCTRL_X0Y16       BUFG (Prop_bufg_I_O)         0.091    11.392 r  sys_clk_IBUF_BUFG_inst/O
                         net (fo=27, routed)          1.564    12.956    sys_clk_IBUF_BUFG
    SLICE_X43Y52         FDRE                                         r  i_reg[4]/C
                         clock pessimism              0.429    13.385    
                         clock uncertainty           -0.035    13.349    
    SLICE_X43Y52         FDRE (Setup_fdre_C_R)       -0.429    12.920    i_reg[4]
  -------------------------------------------------------------------
                         required time                         12.920    
                         arrival time                          -9.440    
  -------------------------------------------------------------------
                         slack                                  3.480    

Slack (MET) :             3.480ns  (required time - arrival time)
  Source:                 i_reg[25]/C
                            (rising edge-triggered cell FDRE clocked by sys_clk_pin  {rise@0.000ns fall@4.000ns period=8.000ns})
  Destination:            i_reg[5]/R
                            (rising edge-triggered cell FDRE clocked by sys_clk_pin  {rise@0.000ns fall@4.000ns period=8.000ns})
  Path Group:             sys_clk_pin
  Path Type:              Setup (Max at Slow Process Corner)
  Requirement:            8.000ns  (sys_clk_pin rise@8.000ns - sys_clk_pin rise@0.000ns)
  Data Path Delay:        4.032ns  (logic 0.828ns (20.534%)  route 3.204ns (79.466%))
  Logic Levels:           3  (LUT3=1 LUT6=2)
  Clock Path Skew:        -0.023ns (DCD - SCD + CPR)
    Destination Clock Delay (DCD):    4.956ns = ( 12.956 - 8.000 ) 
    Source Clock Delay      (SCD):    5.408ns
    Clock Pessimism Removal (CPR):    0.429ns
  Clock Uncertainty:      0.035ns  ((TSJ^2 + TIJ^2)^1/2 + DJ) / 2 + PE
    Total System Jitter     (TSJ):    0.071ns
    Total Input Jitter      (TIJ):    0.000ns
    Discrete Jitter          (DJ):    0.000ns
    Phase Error              (PE):    0.000ns

    Location             Delay type                Incr(ns)  Path(ns)    Netlist Resource(s)
  -------------------------------------------------------------------    -------------------
                         (clock sys_clk_pin rise edge)
                                                      0.000     0.000 r  
    K17                                               0.000     0.000 r  sys_clk (IN)
                         net (fo=0)                   0.000     0.000    sys_clk
    K17                  IBUF (Prop_ibuf_I_O)         1.492     1.492 r  sys_clk_IBUF_inst/O
                         net (fo=1, routed)           2.076     3.568    sys_clk_IBUF
    BUFGCTRL_X0Y16       BUFG (Prop_bufg_I_O)         0.101     3.669 r  sys_clk_IBUF_BUFG_inst/O
                         net (fo=27, routed)          1.739     5.408    sys_clk_IBUF_BUFG
    SLICE_X43Y57         FDRE                                         r  i_reg[25]/C
  -------------------------------------------------------------------    -------------------
    SLICE_X43Y57         FDRE (Prop_fdre_C_Q)         0.456     5.864 r  i_reg[25]/Q
                         net (fo=2, routed)           0.881     6.744    i_reg[25]
    SLICE_X42Y56         LUT6 (Prop_lut6_I4_O)        0.124     6.868 r  i[0]_i_6/O
                         net (fo=1, routed)           0.807     7.675    i[0]_i_6_n_0
    SLICE_X42Y53         LUT6 (Prop_lut6_I1_O)        0.124     7.799 r  i[0]_i_3/O
                         net (fo=2, routed)           0.813     8.612    led
    SLICE_X42Y57         LUT3 (Prop_lut3_I0_O)        0.124     8.736 r  i[0]_i_1/O
                         net (fo=26, routed)          0.704     9.440    i[0]_i_1_n_0
    SLICE_X43Y52         FDRE                                         r  i_reg[5]/R
  -------------------------------------------------------------------    -------------------

                         (clock sys_clk_pin rise edge)
                                                      8.000     8.000 r  
    K17                                               0.000     8.000 r  sys_clk (IN)
                         net (fo=0)                   0.000     8.000    sys_clk
    K17                  IBUF (Prop_ibuf_I_O)         1.421     9.421 r  sys_clk_IBUF_inst/O
                         net (fo=1, routed)           1.880    11.301    sys_clk_IBUF
    BUFGCTRL_X0Y16       BUFG (Prop_bufg_I_O)         0.091    11.392 r  sys_clk_IBUF_BUFG_inst/O
                         net (fo=27, routed)          1.564    12.956    sys_clk_IBUF_BUFG
    SLICE_X43Y52         FDRE                                         r  i_reg[5]/C
                         clock pessimism              0.429    13.385    
                         clock uncertainty           -0.035    13.349    
    SLICE_X43Y52         FDRE (Setup_fdre_C_R)       -0.429    12.920    i_reg[5]
  -------------------------------------------------------------------
                         required time                         12.920    
                         arrival time                          -9.440    
  -------------------------------------------------------------------
                         slack                                  3.480    

Slack (MET) :             3.480ns  (required time - arrival time)
  Source:                 i_reg[25]/C
                            (rising edge-triggered cell FDRE clocked by sys_clk_pin  {rise@0.000ns fall@4.000ns period=8.000ns})
  Destination:            i_reg[6]/R
                            (rising edge-triggered cell FDRE clocked by sys_clk_pin  {rise@0.000ns fall@4.000ns period=8.000ns})
  Path Group:             sys_clk_pin
  Path Type:              Setup (Max at Slow Process Corner)
  Requirement:            8.000ns  (sys_clk_pin rise@8.000ns - sys_clk_pin rise@0.000ns)
  Data Path Delay:        4.032ns  (logic 0.828ns (20.534%)  route 3.204ns (79.466%))
  Logic Levels:           3  (LUT3=1 LUT6=2)
  Clock Path Skew:        -0.023ns (DCD - SCD + CPR)
    Destination Clock Delay (DCD):    4.956ns = ( 12.956 - 8.000 ) 
    Source Clock Delay      (SCD):    5.408ns
    Clock Pessimism Removal (CPR):    0.429ns
  Clock Uncertainty:      0.035ns  ((TSJ^2 + TIJ^2)^1/2 + DJ) / 2 + PE
    Total System Jitter     (TSJ):    0.071ns
    Total Input Jitter      (TIJ):    0.000ns
    Discrete Jitter          (DJ):    0.000ns
    Phase Error              (PE):    0.000ns

    Location             Delay type                Incr(ns)  Path(ns)    Netlist Resource(s)
  -------------------------------------------------------------------    -------------------
                         (clock sys_clk_pin rise edge)
                                                      0.000     0.000 r  
    K17                                               0.000     0.000 r  sys_clk (IN)
                         net (fo=0)                   0.000     0.000    sys_clk
    K17                  IBUF (Prop_ibuf_I_O)         1.492     1.492 r  sys_clk_IBUF_inst/O
                         net (fo=1, routed)           2.076     3.568    sys_clk_IBUF
    BUFGCTRL_X0Y16       BUFG (Prop_bufg_I_O)         0.101     3.669 r  sys_clk_IBUF_BUFG_inst/O
                         net (fo=27, routed)          1.739     5.408    sys_clk_IBUF_BUFG
    SLICE_X43Y57         FDRE                                         r  i_reg[25]/C
  -------------------------------------------------------------------    -------------------
    SLICE_X43Y57         FDRE (Prop_fdre_C_Q)         0.456     5.864 r  i_reg[25]/Q
                         net (fo=2, routed)           0.881     6.744    i_reg[25]
    SLICE_X42Y56         LUT6 (Prop_lut6_I4_O)        0.124     6.868 r  i[0]_i_6/O
                         net (fo=1, routed)           0.807     7.675    i[0]_i_6_n_0
    SLICE_X42Y53         LUT6 (Prop_lut6_I1_O)        0.124     7.799 r  i[0]_i_3/O
                         net (fo=2, routed)           0.813     8.612    led
    SLICE_X42Y57         LUT3 (Prop_lut3_I0_O)        0.124     8.736 r  i[0]_i_1/O
                         net (fo=26, routed)          0.704     9.440    i[0]_i_1_n_0
    SLICE_X43Y52         FDRE                                         r  i_reg[6]/R
  -------------------------------------------------------------------    -------------------

                         (clock sys_clk_pin rise edge)
                                                      8.000     8.000 r  
    K17                                               0.000     8.000 r  sys_clk (IN)
                         net (fo=0)                   0.000     8.000    sys_clk
    K17                  IBUF (Prop_ibuf_I_O)         1.421     9.421 r  sys_clk_IBUF_inst/O
                         net (fo=1, routed)           1.880    11.301    sys_clk_IBUF
    BUFGCTRL_X0Y16       BUFG (Prop_bufg_I_O)         0.091    11.392 r  sys_clk_IBUF_BUFG_inst/O
                         net (fo=27, routed)          1.564    12.956    sys_clk_IBUF_BUFG
    SLICE_X43Y52         FDRE                                         r  i_reg[6]/C
                         clock pessimism              0.429    13.385    
                         clock uncertainty           -0.035    13.349    
    SLICE_X43Y52         FDRE (Setup_fdre_C_R)       -0.429    12.920    i_reg[6]
  -------------------------------------------------------------------
                         required time                         12.920    
                         arrival time                          -9.440    
  -------------------------------------------------------------------
                         slack                                  3.480    

Slack (MET) :             3.480ns  (required time - arrival time)
  Source:                 i_reg[25]/C
                            (rising edge-triggered cell FDRE clocked by sys_clk_pin  {rise@0.000ns fall@4.000ns period=8.000ns})
  Destination:            i_reg[7]/R
                            (rising edge-triggered cell FDRE clocked by sys_clk_pin  {rise@0.000ns fall@4.000ns period=8.000ns})
  Path Group:             sys_clk_pin
  Path Type:              Setup (Max at Slow Process Corner)
  Requirement:            8.000ns  (sys_clk_pin rise@8.000ns - sys_clk_pin rise@0.000ns)
  Data Path Delay:        4.032ns  (logic 0.828ns (20.534%)  route 3.204ns (79.466%))
  Logic Levels:           3  (LUT3=1 LUT6=2)
  Clock Path Skew:        -0.023ns (DCD - SCD + CPR)
    Destination Clock Delay (DCD):    4.956ns = ( 12.956 - 8.000 ) 
    Source Clock Delay      (SCD):    5.408ns
    Clock Pessimism Removal (CPR):    0.429ns
  Clock Uncertainty:      0.035ns  ((TSJ^2 + TIJ^2)^1/2 + DJ) / 2 + PE
    Total System Jitter     (TSJ):    0.071ns
    Total Input Jitter      (TIJ):    0.000ns
    Discrete Jitter          (DJ):    0.000ns
    Phase Error              (PE):    0.000ns

    Location             Delay type                Incr(ns)  Path(ns)    Netlist Resource(s)
  -------------------------------------------------------------------    -------------------
                         (clock sys_clk_pin rise edge)
                                                      0.000     0.000 r  
    K17                                               0.000     0.000 r  sys_clk (IN)
                         net (fo=0)                   0.000     0.000    sys_clk
    K17                  IBUF (Prop_ibuf_I_O)         1.492     1.492 r  sys_clk_IBUF_inst/O
                         net (fo=1, routed)           2.076     3.568    sys_clk_IBUF
    BUFGCTRL_X0Y16       BUFG (Prop_bufg_I_O)         0.101     3.669 r  sys_clk_IBUF_BUFG_inst/O
                         net (fo=27, routed)          1.739     5.408    sys_clk_IBUF_BUFG
    SLICE_X43Y57         FDRE                                         r  i_reg[25]/C
  -------------------------------------------------------------------    -------------------
    SLICE_X43Y57         FDRE (Prop_fdre_C_Q)         0.456     5.864 r  i_reg[25]/Q
                         net (fo=2, routed)           0.881     6.744    i_reg[25]
    SLICE_X42Y56         LUT6 (Prop_lut6_I4_O)        0.124     6.868 r  i[0]_i_6/O
                         net (fo=1, routed)           0.807     7.675    i[0]_i_6_n_0
    SLICE_X42Y53         LUT6 (Prop_lut6_I1_O)        0.124     7.799 r  i[0]_i_3/O
                         net (fo=2, routed)           0.813     8.612    led
    SLICE_X42Y57         LUT3 (Prop_lut3_I0_O)        0.124     8.736 r  i[0]_i_1/O
                         net (fo=26, routed)          0.704     9.440    i[0]_i_1_n_0
    SLICE_X43Y52         FDRE                                         r  i_reg[7]/R
  -------------------------------------------------------------------    -------------------

                         (clock sys_clk_pin rise edge)
                                                      8.000     8.000 r  
    K17                                               0.000     8.000 r  sys_clk (IN)
                         net (fo=0)                   0.000     8.000    sys_clk
    K17                  IBUF (Prop_ibuf_I_O)         1.421     9.421 r  sys_clk_IBUF_inst/O
                         net (fo=1, routed)           1.880    11.301    sys_clk_IBUF
    BUFGCTRL_X0Y16       BUFG (Prop_bufg_I_O)         0.091    11.392 r  sys_clk_IBUF_BUFG_inst/O
                         net (fo=27, routed)          1.564    12.956    sys_clk_IBUF_BUFG
    SLICE_X43Y52         FDRE                                         r  i_reg[7]/C
                         clock pessimism              0.429    13.385    
                         clock uncertainty           -0.035    13.349    
    SLICE_X43Y52         FDRE (Setup_fdre_C_R)       -0.429    12.920    i_reg[7]
  -------------------------------------------------------------------
                         required time                         12.920    
                         arrival time                          -9.440    
  -------------------------------------------------------------------
                         slack                                  3.480    

Slack (MET) :             3.492ns  (required time - arrival time)
  Source:                 i_reg[25]/C
                            (rising edge-triggered cell FDRE clocked by sys_clk_pin  {rise@0.000ns fall@4.000ns period=8.000ns})
  Destination:            i_reg[10]/R
                            (rising edge-triggered cell FDRE clocked by sys_clk_pin  {rise@0.000ns fall@4.000ns period=8.000ns})
  Path Group:             sys_clk_pin
  Path Type:              Setup (Max at Slow Process Corner)
  Requirement:            8.000ns  (sys_clk_pin rise@8.000ns - sys_clk_pin rise@0.000ns)
  Data Path Delay:        4.019ns  (logic 0.828ns (20.601%)  route 3.191ns (79.399%))
  Logic Levels:           3  (LUT3=1 LUT6=2)
  Clock Path Skew:        -0.024ns (DCD - SCD + CPR)
    Destination Clock Delay (DCD):    4.955ns = ( 12.955 - 8.000 ) 
    Source Clock Delay      (SCD):    5.408ns
    Clock Pessimism Removal (CPR):    0.429ns
  Clock Uncertainty:      0.035ns  ((TSJ^2 + TIJ^2)^1/2 + DJ) / 2 + PE
    Total System Jitter     (TSJ):    0.071ns
    Total Input Jitter      (TIJ):    0.000ns
    Discrete Jitter          (DJ):    0.000ns
    Phase Error              (PE):    0.000ns

    Location             Delay type                Incr(ns)  Path(ns)    Netlist Resource(s)
  -------------------------------------------------------------------    -------------------
                         (clock sys_clk_pin rise edge)
                                                      0.000     0.000 r  
    K17                                               0.000     0.000 r  sys_clk (IN)
                         net (fo=0)                   0.000     0.000    sys_clk
    K17                  IBUF (Prop_ibuf_I_O)         1.492     1.492 r  sys_clk_IBUF_inst/O
                         net (fo=1, routed)           2.076     3.568    sys_clk_IBUF
    BUFGCTRL_X0Y16       BUFG (Prop_bufg_I_O)         0.101     3.669 r  sys_clk_IBUF_BUFG_inst/O
                         net (fo=27, routed)          1.739     5.408    sys_clk_IBUF_BUFG
    SLICE_X43Y57         FDRE                                         r  i_reg[25]/C
  -------------------------------------------------------------------    -------------------
    SLICE_X43Y57         FDRE (Prop_fdre_C_Q)         0.456     5.864 r  i_reg[25]/Q
                         net (fo=2, routed)           0.881     6.744    i_reg[25]
    SLICE_X42Y56         LUT6 (Prop_lut6_I4_O)        0.124     6.868 r  i[0]_i_6/O
                         net (fo=1, routed)           0.807     7.675    i[0]_i_6_n_0
    SLICE_X42Y53         LUT6 (Prop_lut6_I1_O)        0.124     7.799 r  i[0]_i_3/O
                         net (fo=2, routed)           0.813     8.612    led
    SLICE_X42Y57         LUT3 (Prop_lut3_I0_O)        0.124     8.736 r  i[0]_i_1/O
                         net (fo=26, routed)          0.691     9.427    i[0]_i_1_n_0
    SLICE_X43Y53         FDRE                                         r  i_reg[10]/R
  -------------------------------------------------------------------    -------------------

                         (clock sys_clk_pin rise edge)
                                                      8.000     8.000 r  
    K17                                               0.000     8.000 r  sys_clk (IN)
                         net (fo=0)                   0.000     8.000    sys_clk
    K17                  IBUF (Prop_ibuf_I_O)         1.421     9.421 r  sys_clk_IBUF_inst/O
                         net (fo=1, routed)           1.880    11.301    sys_clk_IBUF
    BUFGCTRL_X0Y16       BUFG (Prop_bufg_I_O)         0.091    11.392 r  sys_clk_IBUF_BUFG_inst/O
                         net (fo=27, routed)          1.563    12.955    sys_clk_IBUF_BUFG
    SLICE_X43Y53         FDRE                                         r  i_reg[10]/C
                         clock pessimism              0.429    13.384    
                         clock uncertainty           -0.035    13.348    
    SLICE_X43Y53         FDRE (Setup_fdre_C_R)       -0.429    12.919    i_reg[10]
  -------------------------------------------------------------------
                         required time                         12.919    
                         arrival time                          -9.427    
  -------------------------------------------------------------------
                         slack                                  3.492    

Slack (MET) :             3.492ns  (required time - arrival time)
  Source:                 i_reg[25]/C
                            (rising edge-triggered cell FDRE clocked by sys_clk_pin  {rise@0.000ns fall@4.000ns period=8.000ns})
  Destination:            i_reg[11]/R
                            (rising edge-triggered cell FDRE clocked by sys_clk_pin  {rise@0.000ns fall@4.000ns period=8.000ns})
  Path Group:             sys_clk_pin
  Path Type:              Setup (Max at Slow Process Corner)
  Requirement:            8.000ns  (sys_clk_pin rise@8.000ns - sys_clk_pin rise@0.000ns)
  Data Path Delay:        4.019ns  (logic 0.828ns (20.601%)  route 3.191ns (79.399%))
  Logic Levels:           3  (LUT3=1 LUT6=2)
  Clock Path Skew:        -0.024ns (DCD - SCD + CPR)
    Destination Clock Delay (DCD):    4.955ns = ( 12.955 - 8.000 ) 
    Source Clock Delay      (SCD):    5.408ns
    Clock Pessimism Removal (CPR):    0.429ns
  Clock Uncertainty:      0.035ns  ((TSJ^2 + TIJ^2)^1/2 + DJ) / 2 + PE
    Total System Jitter     (TSJ):    0.071ns
    Total Input Jitter      (TIJ):    0.000ns
    Discrete Jitter          (DJ):    0.000ns
    Phase Error              (PE):    0.000ns

    Location             Delay type                Incr(ns)  Path(ns)    Netlist Resource(s)
  -------------------------------------------------------------------    -------------------
                         (clock sys_clk_pin rise edge)
                                                      0.000     0.000 r  
    K17                                               0.000     0.000 r  sys_clk (IN)
                         net (fo=0)                   0.000     0.000    sys_clk
    K17                  IBUF (Prop_ibuf_I_O)         1.492     1.492 r  sys_clk_IBUF_inst/O
                         net (fo=1, routed)           2.076     3.568    sys_clk_IBUF
    BUFGCTRL_X0Y16       BUFG (Prop_bufg_I_O)         0.101     3.669 r  sys_clk_IBUF_BUFG_inst/O
                         net (fo=27, routed)          1.739     5.408    sys_clk_IBUF_BUFG
    SLICE_X43Y57         FDRE                                         r  i_reg[25]/C
  -------------------------------------------------------------------    -------------------
    SLICE_X43Y57         FDRE (Prop_fdre_C_Q)         0.456     5.864 r  i_reg[25]/Q
                         net (fo=2, routed)           0.881     6.744    i_reg[25]
    SLICE_X42Y56         LUT6 (Prop_lut6_I4_O)        0.124     6.868 r  i[0]_i_6/O
                         net (fo=1, routed)           0.807     7.675    i[0]_i_6_n_0
    SLICE_X42Y53         LUT6 (Prop_lut6_I1_O)        0.124     7.799 r  i[0]_i_3/O
                         net (fo=2, routed)           0.813     8.612    led
    SLICE_X42Y57         LUT3 (Prop_lut3_I0_O)        0.124     8.736 r  i[0]_i_1/O
                         net (fo=26, routed)          0.691     9.427    i[0]_i_1_n_0
    SLICE_X43Y53         FDRE                                         r  i_reg[11]/R
  -------------------------------------------------------------------    -------------------

                         (clock sys_clk_pin rise edge)
                                                      8.000     8.000 r  
    K17                                               0.000     8.000 r  sys_clk (IN)
                         net (fo=0)                   0.000     8.000    sys_clk
    K17                  IBUF (Prop_ibuf_I_O)         1.421     9.421 r  sys_clk_IBUF_inst/O
                         net (fo=1, routed)           1.880    11.301    sys_clk_IBUF
    BUFGCTRL_X0Y16       BUFG (Prop_bufg_I_O)         0.091    11.392 r  sys_clk_IBUF_BUFG_inst/O
                         net (fo=27, routed)          1.563    12.955    sys_clk_IBUF_BUFG
    SLICE_X43Y53         FDRE                                         r  i_reg[11]/C
                         clock pessimism              0.429    13.384    
                         clock uncertainty           -0.035    13.348    
    SLICE_X43Y53         FDRE (Setup_fdre_C_R)       -0.429    12.919    i_reg[11]
  -------------------------------------------------------------------
                         required time                         12.919    
                         arrival time                          -9.427    
  -------------------------------------------------------------------
                         slack                                  3.492    





Min Delay Paths
--------------------------------------------------------------------------------------
Slack (MET) :             0.261ns  (arrival time - required time)
  Source:                 i_reg[7]/C
                            (rising edge-triggered cell FDRE clocked by sys_clk_pin  {rise@0.000ns fall@4.000ns period=8.000ns})
  Destination:            i_reg[7]/D
                            (rising edge-triggered cell FDRE clocked by sys_clk_pin  {rise@0.000ns fall@4.000ns period=8.000ns})
  Path Group:             sys_clk_pin
  Path Type:              Hold (Min at Fast Process Corner)
  Requirement:            0.000ns  (sys_clk_pin rise@0.000ns - sys_clk_pin rise@0.000ns)
  Data Path Delay:        0.366ns  (logic 0.249ns (67.994%)  route 0.117ns (32.006%))
  Logic Levels:           1  (CARRY4=1)
  Clock Path Skew:        0.000ns (DCD - SCD - CPR)
    Destination Clock Delay (DCD):    2.018ns
    Source Clock Delay      (SCD):    1.501ns
    Clock Pessimism Removal (CPR):    0.517ns

    Location             Delay type                Incr(ns)  Path(ns)    Netlist Resource(s)
  -------------------------------------------------------------------    -------------------
                         (clock sys_clk_pin rise edge)
                                                      0.000     0.000 r  
    K17                                               0.000     0.000 r  sys_clk (IN)
                         net (fo=0)                   0.000     0.000    sys_clk
    K17                  IBUF (Prop_ibuf_I_O)         0.259     0.259 r  sys_clk_IBUF_inst/O
                         net (fo=1, routed)           0.627     0.887    sys_clk_IBUF
    BUFGCTRL_X0Y16       BUFG (Prop_bufg_I_O)         0.026     0.913 r  sys_clk_IBUF_BUFG_inst/O
                         net (fo=27, routed)          0.589     1.501    sys_clk_IBUF_BUFG
    SLICE_X43Y52         FDRE                                         r  i_reg[7]/C
  -------------------------------------------------------------------    -------------------
    SLICE_X43Y52         FDRE (Prop_fdre_C_Q)         0.141     1.642 r  i_reg[7]/Q
                         net (fo=2, routed)           0.117     1.760    i_reg[7]
    SLICE_X43Y52         CARRY4 (Prop_carry4_S[3]_O[3])
                                                      0.108     1.868 r  i_reg[4]_i_1/O[3]
                         net (fo=1, routed)           0.000     1.868    i_reg[4]_i_1_n_4
    SLICE_X43Y52         FDRE                                         r  i_reg[7]/D
  -------------------------------------------------------------------    -------------------

                         (clock sys_clk_pin rise edge)
                                                      0.000     0.000 r  
    K17                                               0.000     0.000 r  sys_clk (IN)
                         net (fo=0)                   0.000     0.000    sys_clk
    K17                  IBUF (Prop_ibuf_I_O)         0.447     0.447 r  sys_clk_IBUF_inst/O
                         net (fo=1, routed)           0.683     1.130    sys_clk_IBUF
    BUFGCTRL_X0Y16       BUFG (Prop_bufg_I_O)         0.029     1.159 r  sys_clk_IBUF_BUFG_inst/O
                         net (fo=27, routed)          0.859     2.018    sys_clk_IBUF_BUFG
    SLICE_X43Y52         FDRE                                         r  i_reg[7]/C
                         clock pessimism             -0.517     1.501    
    SLICE_X43Y52         FDRE (Hold_fdre_C_D)         0.105     1.606    i_reg[7]
  -------------------------------------------------------------------
                         required time                         -1.606    
                         arrival time                           1.868    
  -------------------------------------------------------------------
                         slack                                  0.261    

Slack (MET) :             0.261ns  (arrival time - required time)
  Source:                 i_reg[11]/C
                            (rising edge-triggered cell FDRE clocked by sys_clk_pin  {rise@0.000ns fall@4.000ns period=8.000ns})
  Destination:            i_reg[11]/D
                            (rising edge-triggered cell FDRE clocked by sys_clk_pin  {rise@0.000ns fall@4.000ns period=8.000ns})
  Path Group:             sys_clk_pin
  Path Type:              Hold (Min at Fast Process Corner)
  Requirement:            0.000ns  (sys_clk_pin rise@0.000ns - sys_clk_pin rise@0.000ns)
  Data Path Delay:        0.366ns  (logic 0.249ns (67.994%)  route 0.117ns (32.006%))
  Logic Levels:           1  (CARRY4=1)
  Clock Path Skew:        0.000ns (DCD - SCD - CPR)
    Destination Clock Delay (DCD):    2.017ns
    Source Clock Delay      (SCD):    1.500ns
    Clock Pessimism Removal (CPR):    0.517ns

    Location             Delay type                Incr(ns)  Path(ns)    Netlist Resource(s)
  -------------------------------------------------------------------    -------------------
                         (clock sys_clk_pin rise edge)
                                                      0.000     0.000 r  
    K17                                               0.000     0.000 r  sys_clk (IN)
                         net (fo=0)                   0.000     0.000    sys_clk
    K17                  IBUF (Prop_ibuf_I_O)         0.259     0.259 r  sys_clk_IBUF_inst/O
                         net (fo=1, routed)           0.627     0.887    sys_clk_IBUF
    BUFGCTRL_X0Y16       BUFG (Prop_bufg_I_O)         0.026     0.913 r  sys_clk_IBUF_BUFG_inst/O
                         net (fo=27, routed)          0.588     1.500    sys_clk_IBUF_BUFG
    SLICE_X43Y53         FDRE                                         r  i_reg[11]/C
  -------------------------------------------------------------------    -------------------
    SLICE_X43Y53         FDRE (Prop_fdre_C_Q)         0.141     1.641 r  i_reg[11]/Q
                         net (fo=2, routed)           0.117     1.759    i_reg[11]
    SLICE_X43Y53         CARRY4 (Prop_carry4_S[3]_O[3])
                                                      0.108     1.867 r  i_reg[8]_i_1/O[3]
                         net (fo=1, routed)           0.000     1.867    i_reg[8]_i_1_n_4
    SLICE_X43Y53         FDRE                                         r  i_reg[11]/D
  -------------------------------------------------------------------    -------------------

                         (clock sys_clk_pin rise edge)
                                                      0.000     0.000 r  
    K17                                               0.000     0.000 r  sys_clk (IN)
                         net (fo=0)                   0.000     0.000    sys_clk
    K17                  IBUF (Prop_ibuf_I_O)         0.447     0.447 r  sys_clk_IBUF_inst/O
                         net (fo=1, routed)           0.683     1.130    sys_clk_IBUF
    BUFGCTRL_X0Y16       BUFG (Prop_bufg_I_O)         0.029     1.159 r  sys_clk_IBUF_BUFG_inst/O
                         net (fo=27, routed)          0.858     2.017    sys_clk_IBUF_BUFG
    SLICE_X43Y53         FDRE                                         r  i_reg[11]/C
                         clock pessimism             -0.517     1.500    
    SLICE_X43Y53         FDRE (Hold_fdre_C_D)         0.105     1.605    i_reg[11]
  -------------------------------------------------------------------
                         required time                         -1.605    
                         arrival time                           1.867    
  -------------------------------------------------------------------
                         slack                                  0.261    

Slack (MET) :             0.261ns  (arrival time - required time)
  Source:                 i_reg[19]/C
                            (rising edge-triggered cell FDRE clocked by sys_clk_pin  {rise@0.000ns fall@4.000ns period=8.000ns})
  Destination:            i_reg[19]/D
                            (rising edge-triggered cell FDRE clocked by sys_clk_pin  {rise@0.000ns fall@4.000ns period=8.000ns})
  Path Group:             sys_clk_pin
  Path Type:              Hold (Min at Fast Process Corner)
  Requirement:            0.000ns  (sys_clk_pin rise@0.000ns - sys_clk_pin rise@0.000ns)
  Data Path Delay:        0.366ns  (logic 0.249ns (67.994%)  route 0.117ns (32.006%))
  Logic Levels:           1  (CARRY4=1)
  Clock Path Skew:        0.000ns (DCD - SCD - CPR)
    Destination Clock Delay (DCD):    2.017ns
    Source Clock Delay      (SCD):    1.500ns
    Clock Pessimism Removal (CPR):    0.517ns

    Location             Delay type                Incr(ns)  Path(ns)    Netlist Resource(s)
  -------------------------------------------------------------------    -------------------
                         (clock sys_clk_pin rise edge)
                                                      0.000     0.000 r  
    K17                                               0.000     0.000 r  sys_clk (IN)
                         net (fo=0)                   0.000     0.000    sys_clk
    K17                  IBUF (Prop_ibuf_I_O)         0.259     0.259 r  sys_clk_IBUF_inst/O
                         net (fo=1, routed)           0.627     0.887    sys_clk_IBUF
    BUFGCTRL_X0Y16       BUFG (Prop_bufg_I_O)         0.026     0.913 r  sys_clk_IBUF_BUFG_inst/O
                         net (fo=27, routed)          0.588     1.500    sys_clk_IBUF_BUFG
    SLICE_X43Y55         FDRE                                         r  i_reg[19]/C
  -------------------------------------------------------------------    -------------------
    SLICE_X43Y55         FDRE (Prop_fdre_C_Q)         0.141     1.641 r  i_reg[19]/Q
                         net (fo=2, routed)           0.117     1.759    i_reg[19]
    SLICE_X43Y55         CARRY4 (Prop_carry4_S[3]_O[3])
                                                      0.108     1.867 r  i_reg[16]_i_1/O[3]
                         net (fo=1, routed)           0.000     1.867    i_reg[16]_i_1_n_4
    SLICE_X43Y55         FDRE                                         r  i_reg[19]/D
  -------------------------------------------------------------------    -------------------

                         (clock sys_clk_pin rise edge)
                                                      0.000     0.000 r  
    K17                                               0.000     0.000 r  sys_clk (IN)
                         net (fo=0)                   0.000     0.000    sys_clk
    K17                  IBUF (Prop_ibuf_I_O)         0.447     0.447 r  sys_clk_IBUF_inst/O
                         net (fo=1, routed)           0.683     1.130    sys_clk_IBUF
    BUFGCTRL_X0Y16       BUFG (Prop_bufg_I_O)         0.029     1.159 r  sys_clk_IBUF_BUFG_inst/O
                         net (fo=27, routed)          0.858     2.017    sys_clk_IBUF_BUFG
    SLICE_X43Y55         FDRE                                         r  i_reg[19]/C
                         clock pessimism             -0.517     1.500    
    SLICE_X43Y55         FDRE (Hold_fdre_C_D)         0.105     1.605    i_reg[19]
  -------------------------------------------------------------------
                         required time                         -1.605    
                         arrival time                           1.867    
  -------------------------------------------------------------------
                         slack                                  0.261    

Slack (MET) :             0.261ns  (arrival time - required time)
  Source:                 i_reg[23]/C
                            (rising edge-triggered cell FDRE clocked by sys_clk_pin  {rise@0.000ns fall@4.000ns period=8.000ns})
  Destination:            i_reg[23]/D
                            (rising edge-triggered cell FDRE clocked by sys_clk_pin  {rise@0.000ns fall@4.000ns period=8.000ns})
  Path Group:             sys_clk_pin
  Path Type:              Hold (Min at Fast Process Corner)
  Requirement:            0.000ns  (sys_clk_pin rise@0.000ns - sys_clk_pin rise@0.000ns)
  Data Path Delay:        0.366ns  (logic 0.249ns (67.994%)  route 0.117ns (32.006%))
  Logic Levels:           1  (CARRY4=1)
  Clock Path Skew:        0.000ns (DCD - SCD - CPR)
    Destination Clock Delay (DCD):    2.017ns
    Source Clock Delay      (SCD):    1.500ns
    Clock Pessimism Removal (CPR):    0.517ns

    Location             Delay type                Incr(ns)  Path(ns)    Netlist Resource(s)
  -------------------------------------------------------------------    -------------------
                         (clock sys_clk_pin rise edge)
                                                      0.000     0.000 r  
    K17                                               0.000     0.000 r  sys_clk (IN)
                         net (fo=0)                   0.000     0.000    sys_clk
    K17                  IBUF (Prop_ibuf_I_O)         0.259     0.259 r  sys_clk_IBUF_inst/O
                         net (fo=1, routed)           0.627     0.887    sys_clk_IBUF
    BUFGCTRL_X0Y16       BUFG (Prop_bufg_I_O)         0.026     0.913 r  sys_clk_IBUF_BUFG_inst/O
                         net (fo=27, routed)          0.588     1.500    sys_clk_IBUF_BUFG
    SLICE_X43Y56         FDRE                                         r  i_reg[23]/C
  -------------------------------------------------------------------    -------------------
    SLICE_X43Y56         FDRE (Prop_fdre_C_Q)         0.141     1.641 r  i_reg[23]/Q
                         net (fo=2, routed)           0.117     1.759    i_reg[23]
    SLICE_X43Y56         CARRY4 (Prop_carry4_S[3]_O[3])
                                                      0.108     1.867 r  i_reg[20]_i_1/O[3]
                         net (fo=1, routed)           0.000     1.867    i_reg[20]_i_1_n_4
    SLICE_X43Y56         FDRE                                         r  i_reg[23]/D
  -------------------------------------------------------------------    -------------------

                         (clock sys_clk_pin rise edge)
                                                      0.000     0.000 r  
    K17                                               0.000     0.000 r  sys_clk (IN)
                         net (fo=0)                   0.000     0.000    sys_clk
    K17                  IBUF (Prop_ibuf_I_O)         0.447     0.447 r  sys_clk_IBUF_inst/O
                         net (fo=1, routed)           0.683     1.130    sys_clk_IBUF
    BUFGCTRL_X0Y16       BUFG (Prop_bufg_I_O)         0.029     1.159 r  sys_clk_IBUF_BUFG_inst/O
                         net (fo=27, routed)          0.858     2.017    sys_clk_IBUF_BUFG
    SLICE_X43Y56         FDRE                                         r  i_reg[23]/C
                         clock pessimism             -0.517     1.500    
    SLICE_X43Y56         FDRE (Hold_fdre_C_D)         0.105     1.605    i_reg[23]
  -------------------------------------------------------------------
                         required time                         -1.605    
                         arrival time                           1.867    
  -------------------------------------------------------------------
                         slack                                  0.261    

Slack (MET) :             0.264ns  (arrival time - required time)
  Source:                 led_reg/C
                            (rising edge-triggered cell FDRE clocked by sys_clk_pin  {rise@0.000ns fall@4.000ns period=8.000ns})
  Destination:            led_reg/D
                            (rising edge-triggered cell FDRE clocked by sys_clk_pin  {rise@0.000ns fall@4.000ns period=8.000ns})
  Path Group:             sys_clk_pin
  Path Type:              Hold (Min at Fast Process Corner)
  Requirement:            0.000ns  (sys_clk_pin rise@0.000ns - sys_clk_pin rise@0.000ns)
  Data Path Delay:        0.384ns  (logic 0.209ns (54.384%)  route 0.175ns (45.616%))
  Logic Levels:           1  (LUT4=1)
  Clock Path Skew:        0.000ns (DCD - SCD - CPR)
    Destination Clock Delay (DCD):    2.016ns
    Source Clock Delay      (SCD):    1.499ns
    Clock Pessimism Removal (CPR):    0.517ns

    Location             Delay type                Incr(ns)  Path(ns)    Netlist Resource(s)
  -------------------------------------------------------------------    -------------------
                         (clock sys_clk_pin rise edge)
                                                      0.000     0.000 r  
    K17                                               0.000     0.000 r  sys_clk (IN)
                         net (fo=0)                   0.000     0.000    sys_clk
    K17                  IBUF (Prop_ibuf_I_O)         0.259     0.259 r  sys_clk_IBUF_inst/O
                         net (fo=1, routed)           0.627     0.887    sys_clk_IBUF
    BUFGCTRL_X0Y16       BUFG (Prop_bufg_I_O)         0.026     0.913 r  sys_clk_IBUF_BUFG_inst/O
                         net (fo=27, routed)          0.587     1.499    sys_clk_IBUF_BUFG
    SLICE_X42Y57         FDRE                                         r  led_reg/C
  -------------------------------------------------------------------    -------------------
    SLICE_X42Y57         FDRE (Prop_fdre_C_Q)         0.164     1.663 r  led_reg/Q
                         net (fo=2, routed)           0.175     1.839    led_out_OBUF
    SLICE_X42Y57         LUT4 (Prop_lut4_I2_O)        0.045     1.884 r  led_i_1/O
                         net (fo=1, routed)           0.000     1.884    led_i_1_n_0
    SLICE_X42Y57         FDRE                                         r  led_reg/D
  -------------------------------------------------------------------    -------------------

                         (clock sys_clk_pin rise edge)
                                                      0.000     0.000 r  
    K17                                               0.000     0.000 r  sys_clk (IN)
                         net (fo=0)                   0.000     0.000    sys_clk
    K17                  IBUF (Prop_ibuf_I_O)         0.447     0.447 r  sys_clk_IBUF_inst/O
                         net (fo=1, routed)           0.683     1.130    sys_clk_IBUF
    BUFGCTRL_X0Y16       BUFG (Prop_bufg_I_O)         0.029     1.159 r  sys_clk_IBUF_BUFG_inst/O
                         net (fo=27, routed)          0.857     2.016    sys_clk_IBUF_BUFG
    SLICE_X42Y57         FDRE                                         r  led_reg/C
                         clock pessimism             -0.517     1.499    
    SLICE_X42Y57         FDRE (Hold_fdre_C_D)         0.120     1.619    led_reg
  -------------------------------------------------------------------
                         required time                         -1.619    
                         arrival time                           1.884    
  -------------------------------------------------------------------
                         slack                                  0.264    

Slack (MET) :             0.264ns  (arrival time - required time)
  Source:                 i_reg[15]/C
                            (rising edge-triggered cell FDRE clocked by sys_clk_pin  {rise@0.000ns fall@4.000ns period=8.000ns})
  Destination:            i_reg[15]/D
                            (rising edge-triggered cell FDRE clocked by sys_clk_pin  {rise@0.000ns fall@4.000ns period=8.000ns})
  Path Group:             sys_clk_pin
  Path Type:              Hold (Min at Fast Process Corner)
  Requirement:            0.000ns  (sys_clk_pin rise@0.000ns - sys_clk_pin rise@0.000ns)
  Data Path Delay:        0.369ns  (logic 0.249ns (67.424%)  route 0.120ns (32.576%))
  Logic Levels:           1  (CARRY4=1)
  Clock Path Skew:        0.000ns (DCD - SCD - CPR)
    Destination Clock Delay (DCD):    2.017ns
    Source Clock Delay      (SCD):    1.500ns
    Clock Pessimism Removal (CPR):    0.517ns

    Location             Delay type                Incr(ns)  Path(ns)    Netlist Resource(s)
  -------------------------------------------------------------------    -------------------
                         (clock sys_clk_pin rise edge)
                                                      0.000     0.000 r  
    K17                                               0.000     0.000 r  sys_clk (IN)
                         net (fo=0)                   0.000     0.000    sys_clk
    K17                  IBUF (Prop_ibuf_I_O)         0.259     0.259 r  sys_clk_IBUF_inst/O
                         net (fo=1, routed)           0.627     0.887    sys_clk_IBUF
    BUFGCTRL_X0Y16       BUFG (Prop_bufg_I_O)         0.026     0.913 r  sys_clk_IBUF_BUFG_inst/O
                         net (fo=27, routed)          0.588     1.500    sys_clk_IBUF_BUFG
    SLICE_X43Y54         FDRE                                         r  i_reg[15]/C
  -------------------------------------------------------------------    -------------------
    SLICE_X43Y54         FDRE (Prop_fdre_C_Q)         0.141     1.641 r  i_reg[15]/Q
                         net (fo=2, routed)           0.120     1.762    i_reg[15]
    SLICE_X43Y54         CARRY4 (Prop_carry4_S[3]_O[3])
                                                      0.108     1.870 r  i_reg[12]_i_1/O[3]
                         net (fo=1, routed)           0.000     1.870    i_reg[12]_i_1_n_4
    SLICE_X43Y54         FDRE                                         r  i_reg[15]/D
  -------------------------------------------------------------------    -------------------

                         (clock sys_clk_pin rise edge)
                                                      0.000     0.000 r  
    K17                                               0.000     0.000 r  sys_clk (IN)
                         net (fo=0)                   0.000     0.000    sys_clk
    K17                  IBUF (Prop_ibuf_I_O)         0.447     0.447 r  sys_clk_IBUF_inst/O
                         net (fo=1, routed)           0.683     1.130    sys_clk_IBUF
    BUFGCTRL_X0Y16       BUFG (Prop_bufg_I_O)         0.029     1.159 r  sys_clk_IBUF_BUFG_inst/O
                         net (fo=27, routed)          0.858     2.017    sys_clk_IBUF_BUFG
    SLICE_X43Y54         FDRE                                         r  i_reg[15]/C
                         clock pessimism             -0.517     1.500    
    SLICE_X43Y54         FDRE (Hold_fdre_C_D)         0.105     1.605    i_reg[15]
  -------------------------------------------------------------------
                         required time                         -1.605    
                         arrival time                           1.870    
  -------------------------------------------------------------------
                         slack                                  0.264    

Slack (MET) :             0.264ns  (arrival time - required time)
  Source:                 i_reg[3]/C
                            (rising edge-triggered cell FDRE clocked by sys_clk_pin  {rise@0.000ns fall@4.000ns period=8.000ns})
  Destination:            i_reg[3]/D
                            (rising edge-triggered cell FDRE clocked by sys_clk_pin  {rise@0.000ns fall@4.000ns period=8.000ns})
  Path Group:             sys_clk_pin
  Path Type:              Hold (Min at Fast Process Corner)
  Requirement:            0.000ns  (sys_clk_pin rise@0.000ns - sys_clk_pin rise@0.000ns)
  Data Path Delay:        0.369ns  (logic 0.249ns (67.424%)  route 0.120ns (32.576%))
  Logic Levels:           1  (CARRY4=1)
  Clock Path Skew:        0.000ns (DCD - SCD - CPR)
    Destination Clock Delay (DCD):    2.018ns
    Source Clock Delay      (SCD):    1.501ns
    Clock Pessimism Removal (CPR):    0.517ns

    Location             Delay type                Incr(ns)  Path(ns)    Netlist Resource(s)
  -------------------------------------------------------------------    -------------------
                         (clock sys_clk_pin rise edge)
                                                      0.000     0.000 r  
    K17                                               0.000     0.000 r  sys_clk (IN)
                         net (fo=0)                   0.000     0.000    sys_clk
    K17                  IBUF (Prop_ibuf_I_O)         0.259     0.259 r  sys_clk_IBUF_inst/O
                         net (fo=1, routed)           0.627     0.887    sys_clk_IBUF
    BUFGCTRL_X0Y16       BUFG (Prop_bufg_I_O)         0.026     0.913 r  sys_clk_IBUF_BUFG_inst/O
                         net (fo=27, routed)          0.589     1.501    sys_clk_IBUF_BUFG
    SLICE_X43Y51         FDRE                                         r  i_reg[3]/C
  -------------------------------------------------------------------    -------------------
    SLICE_X43Y51         FDRE (Prop_fdre_C_Q)         0.141     1.642 r  i_reg[3]/Q
                         net (fo=2, routed)           0.120     1.763    i_reg[3]
    SLICE_X43Y51         CARRY4 (Prop_carry4_S[3]_O[3])
                                                      0.108     1.871 r  i_reg[0]_i_2/O[3]
                         net (fo=1, routed)           0.000     1.871    i_reg[0]_i_2_n_4
    SLICE_X43Y51         FDRE                                         r  i_reg[3]/D
  -------------------------------------------------------------------    -------------------

                         (clock sys_clk_pin rise edge)
                                                      0.000     0.000 r  
    K17                                               0.000     0.000 r  sys_clk (IN)
                         net (fo=0)                   0.000     0.000    sys_clk
    K17                  IBUF (Prop_ibuf_I_O)         0.447     0.447 r  sys_clk_IBUF_inst/O
                         net (fo=1, routed)           0.683     1.130    sys_clk_IBUF
    BUFGCTRL_X0Y16       BUFG (Prop_bufg_I_O)         0.029     1.159 r  sys_clk_IBUF_BUFG_inst/O
                         net (fo=27, routed)          0.859     2.018    sys_clk_IBUF_BUFG
    SLICE_X43Y51         FDRE                                         r  i_reg[3]/C
                         clock pessimism             -0.517     1.501    
    SLICE_X43Y51         FDRE (Hold_fdre_C_D)         0.105     1.606    i_reg[3]
  -------------------------------------------------------------------
                         required time                         -1.606    
                         arrival time                           1.871    
  -------------------------------------------------------------------
                         slack                                  0.264    

Slack (MET) :             0.267ns  (arrival time - required time)
  Source:                 i_reg[16]/C
                            (rising edge-triggered cell FDRE clocked by sys_clk_pin  {rise@0.000ns fall@4.000ns period=8.000ns})
  Destination:            i_reg[16]/D
                            (rising edge-triggered cell FDRE clocked by sys_clk_pin  {rise@0.000ns fall@4.000ns period=8.000ns})
  Path Group:             sys_clk_pin
  Path Type:              Hold (Min at Fast Process Corner)
  Requirement:            0.000ns  (sys_clk_pin rise@0.000ns - sys_clk_pin rise@0.000ns)
  Data Path Delay:        0.372ns  (logic 0.256ns (68.766%)  route 0.116ns (31.234%))
  Logic Levels:           1  (CARRY4=1)
  Clock Path Skew:        0.000ns (DCD - SCD - CPR)
    Destination Clock Delay (DCD):    2.017ns
    Source Clock Delay      (SCD):    1.500ns
    Clock Pessimism Removal (CPR):    0.517ns

    Location             Delay type                Incr(ns)  Path(ns)    Netlist Resource(s)
  -------------------------------------------------------------------    -------------------
                         (clock sys_clk_pin rise edge)
                                                      0.000     0.000 r  
    K17                                               0.000     0.000 r  sys_clk (IN)
                         net (fo=0)                   0.000     0.000    sys_clk
    K17                  IBUF (Prop_ibuf_I_O)         0.259     0.259 r  sys_clk_IBUF_inst/O
                         net (fo=1, routed)           0.627     0.887    sys_clk_IBUF
    BUFGCTRL_X0Y16       BUFG (Prop_bufg_I_O)         0.026     0.913 r  sys_clk_IBUF_BUFG_inst/O
                         net (fo=27, routed)          0.588     1.500    sys_clk_IBUF_BUFG
    SLICE_X43Y55         FDRE                                         r  i_reg[16]/C
  -------------------------------------------------------------------    -------------------
    SLICE_X43Y55         FDRE (Prop_fdre_C_Q)         0.141     1.641 r  i_reg[16]/Q
                         net (fo=2, routed)           0.116     1.758    i_reg[16]
    SLICE_X43Y55         CARRY4 (Prop_carry4_S[0]_O[0])
                                                      0.115     1.873 r  i_reg[16]_i_1/O[0]
                         net (fo=1, routed)           0.000     1.873    i_reg[16]_i_1_n_7
    SLICE_X43Y55         FDRE                                         r  i_reg[16]/D
  -------------------------------------------------------------------    -------------------

                         (clock sys_clk_pin rise edge)
                                                      0.000     0.000 r  
    K17                                               0.000     0.000 r  sys_clk (IN)
                         net (fo=0)                   0.000     0.000    sys_clk
    K17                  IBUF (Prop_ibuf_I_O)         0.447     0.447 r  sys_clk_IBUF_inst/O
                         net (fo=1, routed)           0.683     1.130    sys_clk_IBUF
    BUFGCTRL_X0Y16       BUFG (Prop_bufg_I_O)         0.029     1.159 r  sys_clk_IBUF_BUFG_inst/O
                         net (fo=27, routed)          0.858     2.017    sys_clk_IBUF_BUFG
    SLICE_X43Y55         FDRE                                         r  i_reg[16]/C
                         clock pessimism             -0.517     1.500    
    SLICE_X43Y55         FDRE (Hold_fdre_C_D)         0.105     1.605    i_reg[16]
  -------------------------------------------------------------------
                         required time                         -1.605    
                         arrival time                           1.873    
  -------------------------------------------------------------------
                         slack                                  0.267    

Slack (MET) :             0.267ns  (arrival time - required time)
  Source:                 i_reg[20]/C
                            (rising edge-triggered cell FDRE clocked by sys_clk_pin  {rise@0.000ns fall@4.000ns period=8.000ns})
  Destination:            i_reg[20]/D
                            (rising edge-triggered cell FDRE clocked by sys_clk_pin  {rise@0.000ns fall@4.000ns period=8.000ns})
  Path Group:             sys_clk_pin
  Path Type:              Hold (Min at Fast Process Corner)
  Requirement:            0.000ns  (sys_clk_pin rise@0.000ns - sys_clk_pin rise@0.000ns)
  Data Path Delay:        0.372ns  (logic 0.256ns (68.766%)  route 0.116ns (31.234%))
  Logic Levels:           1  (CARRY4=1)
  Clock Path Skew:        0.000ns (DCD - SCD - CPR)
    Destination Clock Delay (DCD):    2.017ns
    Source Clock Delay      (SCD):    1.500ns
    Clock Pessimism Removal (CPR):    0.517ns

    Location             Delay type                Incr(ns)  Path(ns)    Netlist Resource(s)
  -------------------------------------------------------------------    -------------------
                         (clock sys_clk_pin rise edge)
                                                      0.000     0.000 r  
    K17                                               0.000     0.000 r  sys_clk (IN)
                         net (fo=0)                   0.000     0.000    sys_clk
    K17                  IBUF (Prop_ibuf_I_O)         0.259     0.259 r  sys_clk_IBUF_inst/O
                         net (fo=1, routed)           0.627     0.887    sys_clk_IBUF
    BUFGCTRL_X0Y16       BUFG (Prop_bufg_I_O)         0.026     0.913 r  sys_clk_IBUF_BUFG_inst/O
                         net (fo=27, routed)          0.588     1.500    sys_clk_IBUF_BUFG
    SLICE_X43Y56         FDRE                                         r  i_reg[20]/C
  -------------------------------------------------------------------    -------------------
    SLICE_X43Y56         FDRE (Prop_fdre_C_Q)         0.141     1.641 r  i_reg[20]/Q
                         net (fo=2, routed)           0.116     1.758    i_reg[20]
    SLICE_X43Y56         CARRY4 (Prop_carry4_S[0]_O[0])
                                                      0.115     1.873 r  i_reg[20]_i_1/O[0]
                         net (fo=1, routed)           0.000     1.873    i_reg[20]_i_1_n_7
    SLICE_X43Y56         FDRE                                         r  i_reg[20]/D
  -------------------------------------------------------------------    -------------------

                         (clock sys_clk_pin rise edge)
                                                      0.000     0.000 r  
    K17                                               0.000     0.000 r  sys_clk (IN)
                         net (fo=0)                   0.000     0.000    sys_clk
    K17                  IBUF (Prop_ibuf_I_O)         0.447     0.447 r  sys_clk_IBUF_inst/O
                         net (fo=1, routed)           0.683     1.130    sys_clk_IBUF
    BUFGCTRL_X0Y16       BUFG (Prop_bufg_I_O)         0.029     1.159 r  sys_clk_IBUF_BUFG_inst/O
                         net (fo=27, routed)          0.858     2.017    sys_clk_IBUF_BUFG
    SLICE_X43Y56         FDRE                                         r  i_reg[20]/C
                         clock pessimism             -0.517     1.500    
    SLICE_X43Y56         FDRE (Hold_fdre_C_D)         0.105     1.605    i_reg[20]
  -------------------------------------------------------------------
                         required time                         -1.605    
                         arrival time                           1.873    
  -------------------------------------------------------------------
                         slack                                  0.267    

Slack (MET) :             0.267ns  (arrival time - required time)
  Source:                 i_reg[4]/C
                            (rising edge-triggered cell FDRE clocked by sys_clk_pin  {rise@0.000ns fall@4.000ns period=8.000ns})
  Destination:            i_reg[4]/D
                            (rising edge-triggered cell FDRE clocked by sys_clk_pin  {rise@0.000ns fall@4.000ns period=8.000ns})
  Path Group:             sys_clk_pin
  Path Type:              Hold (Min at Fast Process Corner)
  Requirement:            0.000ns  (sys_clk_pin rise@0.000ns - sys_clk_pin rise@0.000ns)
  Data Path Delay:        0.372ns  (logic 0.256ns (68.766%)  route 0.116ns (31.234%))
  Logic Levels:           1  (CARRY4=1)
  Clock Path Skew:        0.000ns (DCD - SCD - CPR)
    Destination Clock Delay (DCD):    2.018ns
    Source Clock Delay      (SCD):    1.501ns
    Clock Pessimism Removal (CPR):    0.517ns

    Location             Delay type                Incr(ns)  Path(ns)    Netlist Resource(s)
  -------------------------------------------------------------------    -------------------
                         (clock sys_clk_pin rise edge)
                                                      0.000     0.000 r  
    K17                                               0.000     0.000 r  sys_clk (IN)
                         net (fo=0)                   0.000     0.000    sys_clk
    K17                  IBUF (Prop_ibuf_I_O)         0.259     0.259 r  sys_clk_IBUF_inst/O
                         net (fo=1, routed)           0.627     0.887    sys_clk_IBUF
    BUFGCTRL_X0Y16       BUFG (Prop_bufg_I_O)         0.026     0.913 r  sys_clk_IBUF_BUFG_inst/O
                         net (fo=27, routed)          0.589     1.501    sys_clk_IBUF_BUFG
    SLICE_X43Y52         FDRE                                         r  i_reg[4]/C
  -------------------------------------------------------------------    -------------------
    SLICE_X43Y52         FDRE (Prop_fdre_C_Q)         0.141     1.642 r  i_reg[4]/Q
                         net (fo=2, routed)           0.116     1.759    i_reg[4]
    SLICE_X43Y52         CARRY4 (Prop_carry4_S[0]_O[0])
                                                      0.115     1.874 r  i_reg[4]_i_1/O[0]
                         net (fo=1, routed)           0.000     1.874    i_reg[4]_i_1_n_7
    SLICE_X43Y52         FDRE                                         r  i_reg[4]/D
  -------------------------------------------------------------------    -------------------

                         (clock sys_clk_pin rise edge)
                                                      0.000     0.000 r  
    K17                                               0.000     0.000 r  sys_clk (IN)
                         net (fo=0)                   0.000     0.000    sys_clk
    K17                  IBUF (Prop_ibuf_I_O)         0.447     0.447 r  sys_clk_IBUF_inst/O
                         net (fo=1, routed)           0.683     1.130    sys_clk_IBUF
    BUFGCTRL_X0Y16       BUFG (Prop_bufg_I_O)         0.029     1.159 r  sys_clk_IBUF_BUFG_inst/O
                         net (fo=27, routed)          0.859     2.018    sys_clk_IBUF_BUFG
    SLICE_X43Y52         FDRE                                         r  i_reg[4]/C
                         clock pessimism             -0.517     1.501    
    SLICE_X43Y52         FDRE (Hold_fdre_C_D)         0.105     1.606    i_reg[4]
  -------------------------------------------------------------------
                         required time                         -1.606    
                         arrival time                           1.874    
  -------------------------------------------------------------------
                         slack                                  0.267    





Pulse Width Checks
--------------------------------------------------------------------------------------
Clock Name:         sys_clk_pin
Waveform(ns):       { 0.000 4.000 }
Period(ns):         8.000
Sources:            { sys_clk }

Check Type        Corner  Lib Pin  Reference Pin  Required(ns)  Actual(ns)  Slack(ns)  Location        Pin
Min Period        n/a     BUFG/I   n/a            2.155         8.000       5.845      BUFGCTRL_X0Y16  sys_clk_IBUF_BUFG_inst/I
Min Period        n/a     FDRE/C   n/a            1.000         8.000       7.000      SLICE_X43Y51    i_reg[0]/C
Min Period        n/a     FDRE/C   n/a            1.000         8.000       7.000      SLICE_X43Y53    i_reg[10]/C
Min Period        n/a     FDRE/C   n/a            1.000         8.000       7.000      SLICE_X43Y53    i_reg[11]/C
Min Period        n/a     FDRE/C   n/a            1.000         8.000       7.000      SLICE_X43Y54    i_reg[12]/C
Min Period        n/a     FDRE/C   n/a            1.000         8.000       7.000      SLICE_X43Y54    i_reg[13]/C
Min Period        n/a     FDRE/C   n/a            1.000         8.000       7.000      SLICE_X43Y54    i_reg[14]/C
Min Period        n/a     FDRE/C   n/a            1.000         8.000       7.000      SLICE_X43Y54    i_reg[15]/C
Min Period        n/a     FDRE/C   n/a            1.000         8.000       7.000      SLICE_X43Y55    i_reg[16]/C
Min Period        n/a     FDRE/C   n/a            1.000         8.000       7.000      SLICE_X43Y55    i_reg[17]/C
Low Pulse Width   Slow    FDRE/C   n/a            0.500         4.000       3.500      SLICE_X43Y51    i_reg[0]/C
Low Pulse Width   Fast    FDRE/C   n/a            0.500         4.000       3.500      SLICE_X43Y51    i_reg[0]/C
Low Pulse Width   Slow    FDRE/C   n/a            0.500         4.000       3.500      SLICE_X43Y53    i_reg[10]/C
Low Pulse Width   Fast    FDRE/C   n/a            0.500         4.000       3.500      SLICE_X43Y53    i_reg[10]/C
Low Pulse Width   Slow    FDRE/C   n/a            0.500         4.000       3.500      SLICE_X43Y53    i_reg[11]/C
Low Pulse Width   Fast    FDRE/C   n/a            0.500         4.000       3.500      SLICE_X43Y53    i_reg[11]/C
Low Pulse Width   Slow    FDRE/C   n/a            0.500         4.000       3.500      SLICE_X43Y54    i_reg[12]/C
Low Pulse Width   Fast    FDRE/C   n/a            0.500         4.000       3.500      SLICE_X43Y54    i_reg[12]/C
Low Pulse Width   Slow    FDRE/C   n/a            0.500         4.000       3.500      SLICE_X43Y54    i_reg[13]/C
Low Pulse Width   Fast    FDRE/C   n/a            0.500         4.000       3.500      SLICE_X43Y54    i_reg[13]/C
High Pulse Width  Slow    FDRE/C   n/a            0.500         4.000       3.500      SLICE_X43Y51    i_reg[0]/C
High Pulse Width  Fast    FDRE/C   n/a            0.500         4.000       3.500      SLICE_X43Y51    i_reg[0]/C
High Pulse Width  Slow    FDRE/C   n/a            0.500         4.000       3.500      SLICE_X43Y53    i_reg[10]/C
High Pulse Width  Fast    FDRE/C   n/a            0.500         4.000       3.500      SLICE_X43Y53    i_reg[10]/C
High Pulse Width  Slow    FDRE/C   n/a            0.500         4.000       3.500      SLICE_X43Y53    i_reg[11]/C
High Pulse Width  Fast    FDRE/C   n/a            0.500         4.000       3.500      SLICE_X43Y53    i_reg[11]/C
High Pulse Width  Slow    FDRE/C   n/a            0.500         4.000       3.500      SLICE_X43Y54    i_reg[12]/C
High Pulse Width  Fast    FDRE/C   n/a            0.500         4.000       3.500      SLICE_X43Y54    i_reg[12]/C
High Pulse Width  Slow    FDRE/C   n/a            0.500         4.000       3.500      SLICE_X43Y54    i_reg[13]/C
High Pulse Width  Fast    FDRE/C   n/a            0.500         4.000       3.500      SLICE_X43Y54    i_reg[13]/C



--------------------------------------------------------------------------------------
Path Group:  (none)
From Clock:  sys_clk_pin
  To Clock:  

Max Delay             1 Endpoint
Min Delay             1 Endpoint
--------------------------------------------------------------------------------------


Max Delay Paths
--------------------------------------------------------------------------------------
Slack:                    inf
  Source:                 led_reg/C
                            (rising edge-triggered cell FDRE clocked by sys_clk_pin  {rise@0.000ns fall@4.000ns period=8.000ns})
  Destination:            led_out
                            (output port)
  Path Group:             (none)
  Path Type:              Max at Slow Process Corner
  Data Path Delay:        5.873ns  (logic 4.049ns (68.944%)  route 1.824ns (31.056%))
  Logic Levels:           1  (OBUF=1)
  Clock Uncertainty:      0.025ns  ((TSJ^2 + TIJ^2)^1/2 + DJ) / 2 + PE
    Total System Jitter     (TSJ):    0.050ns
    Total Input Jitter      (TIJ):    0.000ns
    Discrete Jitter          (DJ):    0.000ns
    Phase Error              (PE):    0.000ns

    Location             Delay type                Incr(ns)  Path(ns)    Netlist Resource(s)
  -------------------------------------------------------------------    -------------------
                         (clock sys_clk_pin rise edge)
                                                      0.000     0.000 r  
    K17                                               0.000     0.000 r  sys_clk (IN)
                         net (fo=0)                   0.000     0.000    sys_clk
    K17                  IBUF (Prop_ibuf_I_O)         1.492     1.492 r  sys_clk_IBUF_inst/O
                         net (fo=1, routed)           2.076     3.568    sys_clk_IBUF
    BUFGCTRL_X0Y16       BUFG (Prop_bufg_I_O)         0.101     3.669 r  sys_clk_IBUF_BUFG_inst/O
                         net (fo=27, routed)          1.739     5.408    sys_clk_IBUF_BUFG
    SLICE_X42Y57         FDRE                                         r  led_reg/C
  -------------------------------------------------------------------    -------------------
    SLICE_X42Y57         FDRE (Prop_fdre_C_Q)         0.518     5.926 r  led_reg/Q
                         net (fo=2, routed)           1.824     7.750    led_out_OBUF
    M14                  OBUF (Prop_obuf_I_O)         3.531    11.281 r  led_out_OBUF_inst/O
                         net (fo=0)                   0.000    11.281    led_out
    M14                                                               r  led_out (OUT)
  -------------------------------------------------------------------    -------------------





Min Delay Paths
--------------------------------------------------------------------------------------
Slack:                    inf
  Source:                 led_reg/C
                            (rising edge-triggered cell FDRE clocked by sys_clk_pin  {rise@0.000ns fall@4.000ns period=8.000ns})
  Destination:            led_out
                            (output port)
  Path Group:             (none)
  Path Type:              Min at Fast Process Corner
  Data Path Delay:        1.787ns  (logic 1.396ns (78.121%)  route 0.391ns (21.879%))
  Logic Levels:           1  (OBUF=1)
  Clock Uncertainty:      0.025ns  ((TSJ^2 + TIJ^2)^1/2 + DJ) / 2 + PE
    Total System Jitter     (TSJ):    0.050ns
    Total Input Jitter      (TIJ):    0.000ns
    Discrete Jitter          (DJ):    0.000ns
    Phase Error              (PE):    0.000ns

    Location             Delay type                Incr(ns)  Path(ns)    Netlist Resource(s)
  -------------------------------------------------------------------    -------------------
                         (clock sys_clk_pin rise edge)
                                                      0.000     0.000 r  
    K17                                               0.000     0.000 r  sys_clk (IN)
                         net (fo=0)                   0.000     0.000    sys_clk
    K17                  IBUF (Prop_ibuf_I_O)         0.259     0.259 r  sys_clk_IBUF_inst/O
                         net (fo=1, routed)           0.627     0.887    sys_clk_IBUF
    BUFGCTRL_X0Y16       BUFG (Prop_bufg_I_O)         0.026     0.913 r  sys_clk_IBUF_BUFG_inst/O
                         net (fo=27, routed)          0.587     1.499    sys_clk_IBUF_BUFG
    SLICE_X42Y57         FDRE                                         r  led_reg/C
  -------------------------------------------------------------------    -------------------
    SLICE_X42Y57         FDRE (Prop_fdre_C_Q)         0.164     1.663 r  led_reg/Q
                         net (fo=2, routed)           0.391     2.054    led_out_OBUF
    M14                  OBUF (Prop_obuf_I_O)         1.232     3.286 r  led_out_OBUF_inst/O
                         net (fo=0)                   0.000     3.286    led_out
    M14                                                               r  led_out (OUT)
  -------------------------------------------------------------------    -------------------





--------------------------------------------------------------------------------------
Path Group:  (none)
From Clock:  
  To Clock:  sys_clk_pin

Max Delay            27 Endpoints
Min Delay            27 Endpoints
--------------------------------------------------------------------------------------


Max Delay Paths
--------------------------------------------------------------------------------------
Slack:                    inf
  Source:                 rst
                            (input port)
  Destination:            i_reg[0]/R
                            (rising edge-triggered cell FDRE clocked by sys_clk_pin  {rise@0.000ns fall@4.000ns period=8.000ns})
  Path Group:             (none)
  Path Type:              Setup (Max at Slow Process Corner)
  Data Path Delay:        4.335ns  (logic 1.613ns (37.208%)  route 2.722ns (62.792%))
  Logic Levels:           2  (IBUF=1 LUT3=1)
  Clock Path Skew:        4.956ns (DCD - SCD + CPR)
    Destination Clock Delay (DCD):    4.956ns
    Source Clock Delay      (SCD):    0.000ns
    Clock Pessimism Removal (CPR):    0.000ns
  Clock Uncertainty:      0.025ns  ((TSJ^2 + TIJ^2)^1/2 + DJ) / 2 + PE
    Total System Jitter     (TSJ):    0.050ns
    Total Input Jitter      (TIJ):    0.000ns
    Discrete Jitter          (DJ):    0.000ns
    Phase Error              (PE):    0.000ns

    Location             Delay type                Incr(ns)  Path(ns)    Netlist Resource(s)
  -------------------------------------------------------------------    -------------------
    K18                                               0.000     0.000 r  rst (IN)
                         net (fo=0)                   0.000     0.000    rst
    K18                  IBUF (Prop_ibuf_I_O)         1.489     1.489 r  rst_IBUF_inst/O
                         net (fo=2, routed)           1.877     3.366    rst_IBUF
    SLICE_X42Y57         LUT3 (Prop_lut3_I1_O)        0.124     3.490 r  i[0]_i_1/O
                         net (fo=26, routed)          0.845     4.335    i[0]_i_1_n_0
    SLICE_X43Y51         FDRE                                         r  i_reg[0]/R
  -------------------------------------------------------------------    -------------------

                         (clock sys_clk_pin rise edge)
                                                      0.000     0.000 r  
    K17                                               0.000     0.000 r  sys_clk (IN)
                         net (fo=0)                   0.000     0.000    sys_clk
    K17                  IBUF (Prop_ibuf_I_O)         1.421     1.421 r  sys_clk_IBUF_inst/O
                         net (fo=1, routed)           1.880     3.301    sys_clk_IBUF
    BUFGCTRL_X0Y16       BUFG (Prop_bufg_I_O)         0.091     3.392 r  sys_clk_IBUF_BUFG_inst/O
                         net (fo=27, routed)          1.564     4.956    sys_clk_IBUF_BUFG
    SLICE_X43Y51         FDRE                                         r  i_reg[0]/C

Slack:                    inf
  Source:                 rst
                            (input port)
  Destination:            i_reg[1]/R
                            (rising edge-triggered cell FDRE clocked by sys_clk_pin  {rise@0.000ns fall@4.000ns period=8.000ns})
  Path Group:             (none)
  Path Type:              Setup (Max at Slow Process Corner)
  Data Path Delay:        4.335ns  (logic 1.613ns (37.208%)  route 2.722ns (62.792%))
  Logic Levels:           2  (IBUF=1 LUT3=1)
  Clock Path Skew:        4.956ns (DCD - SCD + CPR)
    Destination Clock Delay (DCD):    4.956ns
    Source Clock Delay      (SCD):    0.000ns
    Clock Pessimism Removal (CPR):    0.000ns
  Clock Uncertainty:      0.025ns  ((TSJ^2 + TIJ^2)^1/2 + DJ) / 2 + PE
    Total System Jitter     (TSJ):    0.050ns
    Total Input Jitter      (TIJ):    0.000ns
    Discrete Jitter          (DJ):    0.000ns
    Phase Error              (PE):    0.000ns

    Location             Delay type                Incr(ns)  Path(ns)    Netlist Resource(s)
  -------------------------------------------------------------------    -------------------
    K18                                               0.000     0.000 r  rst (IN)
                         net (fo=0)                   0.000     0.000    rst
    K18                  IBUF (Prop_ibuf_I_O)         1.489     1.489 r  rst_IBUF_inst/O
                         net (fo=2, routed)           1.877     3.366    rst_IBUF
    SLICE_X42Y57         LUT3 (Prop_lut3_I1_O)        0.124     3.490 r  i[0]_i_1/O
                         net (fo=26, routed)          0.845     4.335    i[0]_i_1_n_0
    SLICE_X43Y51         FDRE                                         r  i_reg[1]/R
  -------------------------------------------------------------------    -------------------

                         (clock sys_clk_pin rise edge)
                                                      0.000     0.000 r  
    K17                                               0.000     0.000 r  sys_clk (IN)
                         net (fo=0)                   0.000     0.000    sys_clk
    K17                  IBUF (Prop_ibuf_I_O)         1.421     1.421 r  sys_clk_IBUF_inst/O
                         net (fo=1, routed)           1.880     3.301    sys_clk_IBUF
    BUFGCTRL_X0Y16       BUFG (Prop_bufg_I_O)         0.091     3.392 r  sys_clk_IBUF_BUFG_inst/O
                         net (fo=27, routed)          1.564     4.956    sys_clk_IBUF_BUFG
    SLICE_X43Y51         FDRE                                         r  i_reg[1]/C

Slack:                    inf
  Source:                 rst
                            (input port)
  Destination:            i_reg[2]/R
                            (rising edge-triggered cell FDRE clocked by sys_clk_pin  {rise@0.000ns fall@4.000ns period=8.000ns})
  Path Group:             (none)
  Path Type:              Setup (Max at Slow Process Corner)
  Data Path Delay:        4.335ns  (logic 1.613ns (37.208%)  route 2.722ns (62.792%))
  Logic Levels:           2  (IBUF=1 LUT3=1)
  Clock Path Skew:        4.956ns (DCD - SCD + CPR)
    Destination Clock Delay (DCD):    4.956ns
    Source Clock Delay      (SCD):    0.000ns
    Clock Pessimism Removal (CPR):    0.000ns
  Clock Uncertainty:      0.025ns  ((TSJ^2 + TIJ^2)^1/2 + DJ) / 2 + PE
    Total System Jitter     (TSJ):    0.050ns
    Total Input Jitter      (TIJ):    0.000ns
    Discrete Jitter          (DJ):    0.000ns
    Phase Error              (PE):    0.000ns

    Location             Delay type                Incr(ns)  Path(ns)    Netlist Resource(s)
  -------------------------------------------------------------------    -------------------
    K18                                               0.000     0.000 r  rst (IN)
                         net (fo=0)                   0.000     0.000    rst
    K18                  IBUF (Prop_ibuf_I_O)         1.489     1.489 r  rst_IBUF_inst/O
                         net (fo=2, routed)           1.877     3.366    rst_IBUF
    SLICE_X42Y57         LUT3 (Prop_lut3_I1_O)        0.124     3.490 r  i[0]_i_1/O
                         net (fo=26, routed)          0.845     4.335    i[0]_i_1_n_0
    SLICE_X43Y51         FDRE                                         r  i_reg[2]/R
  -------------------------------------------------------------------    -------------------

                         (clock sys_clk_pin rise edge)
                                                      0.000     0.000 r  
    K17                                               0.000     0.000 r  sys_clk (IN)
                         net (fo=0)                   0.000     0.000    sys_clk
    K17                  IBUF (Prop_ibuf_I_O)         1.421     1.421 r  sys_clk_IBUF_inst/O
                         net (fo=1, routed)           1.880     3.301    sys_clk_IBUF
    BUFGCTRL_X0Y16       BUFG (Prop_bufg_I_O)         0.091     3.392 r  sys_clk_IBUF_BUFG_inst/O
                         net (fo=27, routed)          1.564     4.956    sys_clk_IBUF_BUFG
    SLICE_X43Y51         FDRE                                         r  i_reg[2]/C

Slack:                    inf
  Source:                 rst
                            (input port)
  Destination:            i_reg[3]/R
                            (rising edge-triggered cell FDRE clocked by sys_clk_pin  {rise@0.000ns fall@4.000ns period=8.000ns})
  Path Group:             (none)
  Path Type:              Setup (Max at Slow Process Corner)
  Data Path Delay:        4.335ns  (logic 1.613ns (37.208%)  route 2.722ns (62.792%))
  Logic Levels:           2  (IBUF=1 LUT3=1)
  Clock Path Skew:        4.956ns (DCD - SCD + CPR)
    Destination Clock Delay (DCD):    4.956ns
    Source Clock Delay      (SCD):    0.000ns
    Clock Pessimism Removal (CPR):    0.000ns
  Clock Uncertainty:      0.025ns  ((TSJ^2 + TIJ^2)^1/2 + DJ) / 2 + PE
    Total System Jitter     (TSJ):    0.050ns
    Total Input Jitter      (TIJ):    0.000ns
    Discrete Jitter          (DJ):    0.000ns
    Phase Error              (PE):    0.000ns

    Location             Delay type                Incr(ns)  Path(ns)    Netlist Resource(s)
  -------------------------------------------------------------------    -------------------
    K18                                               0.000     0.000 r  rst (IN)
                         net (fo=0)                   0.000     0.000    rst
    K18                  IBUF (Prop_ibuf_I_O)         1.489     1.489 r  rst_IBUF_inst/O
                         net (fo=2, routed)           1.877     3.366    rst_IBUF
    SLICE_X42Y57         LUT3 (Prop_lut3_I1_O)        0.124     3.490 r  i[0]_i_1/O
                         net (fo=26, routed)          0.845     4.335    i[0]_i_1_n_0
    SLICE_X43Y51         FDRE                                         r  i_reg[3]/R
  -------------------------------------------------------------------    -------------------

                         (clock sys_clk_pin rise edge)
                                                      0.000     0.000 r  
    K17                                               0.000     0.000 r  sys_clk (IN)
                         net (fo=0)                   0.000     0.000    sys_clk
    K17                  IBUF (Prop_ibuf_I_O)         1.421     1.421 r  sys_clk_IBUF_inst/O
                         net (fo=1, routed)           1.880     3.301    sys_clk_IBUF
    BUFGCTRL_X0Y16       BUFG (Prop_bufg_I_O)         0.091     3.392 r  sys_clk_IBUF_BUFG_inst/O
                         net (fo=27, routed)          1.564     4.956    sys_clk_IBUF_BUFG
    SLICE_X43Y51         FDRE                                         r  i_reg[3]/C

Slack:                    inf
  Source:                 rst
                            (input port)
  Destination:            i_reg[4]/R
                            (rising edge-triggered cell FDRE clocked by sys_clk_pin  {rise@0.000ns fall@4.000ns period=8.000ns})
  Path Group:             (none)
  Path Type:              Setup (Max at Slow Process Corner)
  Data Path Delay:        4.194ns  (logic 1.613ns (38.458%)  route 2.581ns (61.542%))
  Logic Levels:           2  (IBUF=1 LUT3=1)
  Clock Path Skew:        4.956ns (DCD - SCD + CPR)
    Destination Clock Delay (DCD):    4.956ns
    Source Clock Delay      (SCD):    0.000ns
    Clock Pessimism Removal (CPR):    0.000ns
  Clock Uncertainty:      0.025ns  ((TSJ^2 + TIJ^2)^1/2 + DJ) / 2 + PE
    Total System Jitter     (TSJ):    0.050ns
    Total Input Jitter      (TIJ):    0.000ns
    Discrete Jitter          (DJ):    0.000ns
    Phase Error              (PE):    0.000ns

    Location             Delay type                Incr(ns)  Path(ns)    Netlist Resource(s)
  -------------------------------------------------------------------    -------------------
    K18                                               0.000     0.000 r  rst (IN)
                         net (fo=0)                   0.000     0.000    rst
    K18                  IBUF (Prop_ibuf_I_O)         1.489     1.489 r  rst_IBUF_inst/O
                         net (fo=2, routed)           1.877     3.366    rst_IBUF
    SLICE_X42Y57         LUT3 (Prop_lut3_I1_O)        0.124     3.490 r  i[0]_i_1/O
                         net (fo=26, routed)          0.704     4.194    i[0]_i_1_n_0
    SLICE_X43Y52         FDRE                                         r  i_reg[4]/R
  -------------------------------------------------------------------    -------------------

                         (clock sys_clk_pin rise edge)
                                                      0.000     0.000 r  
    K17                                               0.000     0.000 r  sys_clk (IN)
                         net (fo=0)                   0.000     0.000    sys_clk
    K17                  IBUF (Prop_ibuf_I_O)         1.421     1.421 r  sys_clk_IBUF_inst/O
                         net (fo=1, routed)           1.880     3.301    sys_clk_IBUF
    BUFGCTRL_X0Y16       BUFG (Prop_bufg_I_O)         0.091     3.392 r  sys_clk_IBUF_BUFG_inst/O
                         net (fo=27, routed)          1.564     4.956    sys_clk_IBUF_BUFG
    SLICE_X43Y52         FDRE                                         r  i_reg[4]/C

Slack:                    inf
  Source:                 rst
                            (input port)
  Destination:            i_reg[5]/R
                            (rising edge-triggered cell FDRE clocked by sys_clk_pin  {rise@0.000ns fall@4.000ns period=8.000ns})
  Path Group:             (none)
  Path Type:              Setup (Max at Slow Process Corner)
  Data Path Delay:        4.194ns  (logic 1.613ns (38.458%)  route 2.581ns (61.542%))
  Logic Levels:           2  (IBUF=1 LUT3=1)
  Clock Path Skew:        4.956ns (DCD - SCD + CPR)
    Destination Clock Delay (DCD):    4.956ns
    Source Clock Delay      (SCD):    0.000ns
    Clock Pessimism Removal (CPR):    0.000ns
  Clock Uncertainty:      0.025ns  ((TSJ^2 + TIJ^2)^1/2 + DJ) / 2 + PE
    Total System Jitter     (TSJ):    0.050ns
    Total Input Jitter      (TIJ):    0.000ns
    Discrete Jitter          (DJ):    0.000ns
    Phase Error              (PE):    0.000ns

    Location             Delay type                Incr(ns)  Path(ns)    Netlist Resource(s)
  -------------------------------------------------------------------    -------------------
    K18                                               0.000     0.000 r  rst (IN)
                         net (fo=0)                   0.000     0.000    rst
    K18                  IBUF (Prop_ibuf_I_O)         1.489     1.489 r  rst_IBUF_inst/O
                         net (fo=2, routed)           1.877     3.366    rst_IBUF
    SLICE_X42Y57         LUT3 (Prop_lut3_I1_O)        0.124     3.490 r  i[0]_i_1/O
                         net (fo=26, routed)          0.704     4.194    i[0]_i_1_n_0
    SLICE_X43Y52         FDRE                                         r  i_reg[5]/R
  -------------------------------------------------------------------    -------------------

                         (clock sys_clk_pin rise edge)
                                                      0.000     0.000 r  
    K17                                               0.000     0.000 r  sys_clk (IN)
                         net (fo=0)                   0.000     0.000    sys_clk
    K17                  IBUF (Prop_ibuf_I_O)         1.421     1.421 r  sys_clk_IBUF_inst/O
                         net (fo=1, routed)           1.880     3.301    sys_clk_IBUF
    BUFGCTRL_X0Y16       BUFG (Prop_bufg_I_O)         0.091     3.392 r  sys_clk_IBUF_BUFG_inst/O
                         net (fo=27, routed)          1.564     4.956    sys_clk_IBUF_BUFG
    SLICE_X43Y52         FDRE                                         r  i_reg[5]/C

Slack:                    inf
  Source:                 rst
                            (input port)
  Destination:            i_reg[6]/R
                            (rising edge-triggered cell FDRE clocked by sys_clk_pin  {rise@0.000ns fall@4.000ns period=8.000ns})
  Path Group:             (none)
  Path Type:              Setup (Max at Slow Process Corner)
  Data Path Delay:        4.194ns  (logic 1.613ns (38.458%)  route 2.581ns (61.542%))
  Logic Levels:           2  (IBUF=1 LUT3=1)
  Clock Path Skew:        4.956ns (DCD - SCD + CPR)
    Destination Clock Delay (DCD):    4.956ns
    Source Clock Delay      (SCD):    0.000ns
    Clock Pessimism Removal (CPR):    0.000ns
  Clock Uncertainty:      0.025ns  ((TSJ^2 + TIJ^2)^1/2 + DJ) / 2 + PE
    Total System Jitter     (TSJ):    0.050ns
    Total Input Jitter      (TIJ):    0.000ns
    Discrete Jitter          (DJ):    0.000ns
    Phase Error              (PE):    0.000ns

    Location             Delay type                Incr(ns)  Path(ns)    Netlist Resource(s)
  -------------------------------------------------------------------    -------------------
    K18                                               0.000     0.000 r  rst (IN)
                         net (fo=0)                   0.000     0.000    rst
    K18                  IBUF (Prop_ibuf_I_O)         1.489     1.489 r  rst_IBUF_inst/O
                         net (fo=2, routed)           1.877     3.366    rst_IBUF
    SLICE_X42Y57         LUT3 (Prop_lut3_I1_O)        0.124     3.490 r  i[0]_i_1/O
                         net (fo=26, routed)          0.704     4.194    i[0]_i_1_n_0
    SLICE_X43Y52         FDRE                                         r  i_reg[6]/R
  -------------------------------------------------------------------    -------------------

                         (clock sys_clk_pin rise edge)
                                                      0.000     0.000 r  
    K17                                               0.000     0.000 r  sys_clk (IN)
                         net (fo=0)                   0.000     0.000    sys_clk
    K17                  IBUF (Prop_ibuf_I_O)         1.421     1.421 r  sys_clk_IBUF_inst/O
                         net (fo=1, routed)           1.880     3.301    sys_clk_IBUF
    BUFGCTRL_X0Y16       BUFG (Prop_bufg_I_O)         0.091     3.392 r  sys_clk_IBUF_BUFG_inst/O
                         net (fo=27, routed)          1.564     4.956    sys_clk_IBUF_BUFG
    SLICE_X43Y52         FDRE                                         r  i_reg[6]/C

Slack:                    inf
  Source:                 rst
                            (input port)
  Destination:            i_reg[7]/R
                            (rising edge-triggered cell FDRE clocked by sys_clk_pin  {rise@0.000ns fall@4.000ns period=8.000ns})
  Path Group:             (none)
  Path Type:              Setup (Max at Slow Process Corner)
  Data Path Delay:        4.194ns  (logic 1.613ns (38.458%)  route 2.581ns (61.542%))
  Logic Levels:           2  (IBUF=1 LUT3=1)
  Clock Path Skew:        4.956ns (DCD - SCD + CPR)
    Destination Clock Delay (DCD):    4.956ns
    Source Clock Delay      (SCD):    0.000ns
    Clock Pessimism Removal (CPR):    0.000ns
  Clock Uncertainty:      0.025ns  ((TSJ^2 + TIJ^2)^1/2 + DJ) / 2 + PE
    Total System Jitter     (TSJ):    0.050ns
    Total Input Jitter      (TIJ):    0.000ns
    Discrete Jitter          (DJ):    0.000ns
    Phase Error              (PE):    0.000ns

    Location             Delay type                Incr(ns)  Path(ns)    Netlist Resource(s)
  -------------------------------------------------------------------    -------------------
    K18                                               0.000     0.000 r  rst (IN)
                         net (fo=0)                   0.000     0.000    rst
    K18                  IBUF (Prop_ibuf_I_O)         1.489     1.489 r  rst_IBUF_inst/O
                         net (fo=2, routed)           1.877     3.366    rst_IBUF
    SLICE_X42Y57         LUT3 (Prop_lut3_I1_O)        0.124     3.490 r  i[0]_i_1/O
                         net (fo=26, routed)          0.704     4.194    i[0]_i_1_n_0
    SLICE_X43Y52         FDRE                                         r  i_reg[7]/R
  -------------------------------------------------------------------    -------------------

                         (clock sys_clk_pin rise edge)
                                                      0.000     0.000 r  
    K17                                               0.000     0.000 r  sys_clk (IN)
                         net (fo=0)                   0.000     0.000    sys_clk
    K17                  IBUF (Prop_ibuf_I_O)         1.421     1.421 r  sys_clk_IBUF_inst/O
                         net (fo=1, routed)           1.880     3.301    sys_clk_IBUF
    BUFGCTRL_X0Y16       BUFG (Prop_bufg_I_O)         0.091     3.392 r  sys_clk_IBUF_BUFG_inst/O
                         net (fo=27, routed)          1.564     4.956    sys_clk_IBUF_BUFG
    SLICE_X43Y52         FDRE                                         r  i_reg[7]/C

Slack:                    inf
  Source:                 rst
                            (input port)
  Destination:            i_reg[24]/R
                            (rising edge-triggered cell FDRE clocked by sys_clk_pin  {rise@0.000ns fall@4.000ns period=8.000ns})
  Path Group:             (none)
  Path Type:              Setup (Max at Slow Process Corner)
  Data Path Delay:        4.190ns  (logic 1.613ns (38.490%)  route 2.577ns (61.510%))
  Logic Levels:           2  (IBUF=1 LUT3=1)
  Clock Path Skew:        4.954ns (DCD - SCD + CPR)
    Destination Clock Delay (DCD):    4.954ns
    Source Clock Delay      (SCD):    0.000ns
    Clock Pessimism Removal (CPR):    0.000ns
  Clock Uncertainty:      0.025ns  ((TSJ^2 + TIJ^2)^1/2 + DJ) / 2 + PE
    Total System Jitter     (TSJ):    0.050ns
    Total Input Jitter      (TIJ):    0.000ns
    Discrete Jitter          (DJ):    0.000ns
    Phase Error              (PE):    0.000ns

    Location             Delay type                Incr(ns)  Path(ns)    Netlist Resource(s)
  -------------------------------------------------------------------    -------------------
    K18                                               0.000     0.000 r  rst (IN)
                         net (fo=0)                   0.000     0.000    rst
    K18                  IBUF (Prop_ibuf_I_O)         1.489     1.489 r  rst_IBUF_inst/O
                         net (fo=2, routed)           1.877     3.366    rst_IBUF
    SLICE_X42Y57         LUT3 (Prop_lut3_I1_O)        0.124     3.490 r  i[0]_i_1/O
                         net (fo=26, routed)          0.701     4.190    i[0]_i_1_n_0
    SLICE_X43Y57         FDRE                                         r  i_reg[24]/R
  -------------------------------------------------------------------    -------------------

                         (clock sys_clk_pin rise edge)
                                                      0.000     0.000 r  
    K17                                               0.000     0.000 r  sys_clk (IN)
                         net (fo=0)                   0.000     0.000    sys_clk
    K17                  IBUF (Prop_ibuf_I_O)         1.421     1.421 r  sys_clk_IBUF_inst/O
                         net (fo=1, routed)           1.880     3.301    sys_clk_IBUF
    BUFGCTRL_X0Y16       BUFG (Prop_bufg_I_O)         0.091     3.392 r  sys_clk_IBUF_BUFG_inst/O
                         net (fo=27, routed)          1.562     4.954    sys_clk_IBUF_BUFG
    SLICE_X43Y57         FDRE                                         r  i_reg[24]/C

Slack:                    inf
  Source:                 rst
                            (input port)
  Destination:            i_reg[25]/R
                            (rising edge-triggered cell FDRE clocked by sys_clk_pin  {rise@0.000ns fall@4.000ns period=8.000ns})
  Path Group:             (none)
  Path Type:              Setup (Max at Slow Process Corner)
  Data Path Delay:        4.190ns  (logic 1.613ns (38.490%)  route 2.577ns (61.510%))
  Logic Levels:           2  (IBUF=1 LUT3=1)
  Clock Path Skew:        4.954ns (DCD - SCD + CPR)
    Destination Clock Delay (DCD):    4.954ns
    Source Clock Delay      (SCD):    0.000ns
    Clock Pessimism Removal (CPR):    0.000ns
  Clock Uncertainty:      0.025ns  ((TSJ^2 + TIJ^2)^1/2 + DJ) / 2 + PE
    Total System Jitter     (TSJ):    0.050ns
    Total Input Jitter      (TIJ):    0.000ns
    Discrete Jitter          (DJ):    0.000ns
    Phase Error              (PE):    0.000ns

    Location             Delay type                Incr(ns)  Path(ns)    Netlist Resource(s)
  -------------------------------------------------------------------    -------------------
    K18                                               0.000     0.000 r  rst (IN)
                         net (fo=0)                   0.000     0.000    rst
    K18                  IBUF (Prop_ibuf_I_O)         1.489     1.489 r  rst_IBUF_inst/O
                         net (fo=2, routed)           1.877     3.366    rst_IBUF
    SLICE_X42Y57         LUT3 (Prop_lut3_I1_O)        0.124     3.490 r  i[0]_i_1/O
                         net (fo=26, routed)          0.701     4.190    i[0]_i_1_n_0
    SLICE_X43Y57         FDRE                                         r  i_reg[25]/R
  -------------------------------------------------------------------    -------------------

                         (clock sys_clk_pin rise edge)
                                                      0.000     0.000 r  
    K17                                               0.000     0.000 r  sys_clk (IN)
                         net (fo=0)                   0.000     0.000    sys_clk
    K17                  IBUF (Prop_ibuf_I_O)         1.421     1.421 r  sys_clk_IBUF_inst/O
                         net (fo=1, routed)           1.880     3.301    sys_clk_IBUF
    BUFGCTRL_X0Y16       BUFG (Prop_bufg_I_O)         0.091     3.392 r  sys_clk_IBUF_BUFG_inst/O
                         net (fo=27, routed)          1.562     4.954    sys_clk_IBUF_BUFG
    SLICE_X43Y57         FDRE                                         r  i_reg[25]/C





Min Delay Paths
--------------------------------------------------------------------------------------
Slack:                    inf
  Source:                 led_en
                            (input port)
  Destination:            led_reg/D
                            (rising edge-triggered cell FDRE clocked by sys_clk_pin  {rise@0.000ns fall@4.000ns period=8.000ns})
  Path Group:             (none)
  Path Type:              Hold (Min at Fast Process Corner)
  Data Path Delay:        0.818ns  (logic 0.265ns (32.437%)  route 0.553ns (67.563%))
  Logic Levels:           2  (IBUF=1 LUT4=1)
  Clock Path Skew:        2.016ns (DCD - SCD - CPR)
    Destination Clock Delay (DCD):    2.016ns
    Source Clock Delay      (SCD):    0.000ns
    Clock Pessimism Removal (CPR):    -0.000ns

    Location             Delay type                Incr(ns)  Path(ns)    Netlist Resource(s)
  -------------------------------------------------------------------    -------------------
    G15                                               0.000     0.000 r  led_en (IN)
                         net (fo=0)                   0.000     0.000    led_en
    G15                  IBUF (Prop_ibuf_I_O)         0.220     0.220 r  led_en_IBUF_inst/O
                         net (fo=2, routed)           0.553     0.773    led_en_IBUF
    SLICE_X42Y57         LUT4 (Prop_lut4_I1_O)        0.045     0.818 r  led_i_1/O
                         net (fo=1, routed)           0.000     0.818    led_i_1_n_0
    SLICE_X42Y57         FDRE                                         r  led_reg/D
  -------------------------------------------------------------------    -------------------

                         (clock sys_clk_pin rise edge)
                                                      0.000     0.000 r  
    K17                                               0.000     0.000 r  sys_clk (IN)
                         net (fo=0)                   0.000     0.000    sys_clk
    K17                  IBUF (Prop_ibuf_I_O)         0.447     0.447 r  sys_clk_IBUF_inst/O
                         net (fo=1, routed)           0.683     1.130    sys_clk_IBUF
    BUFGCTRL_X0Y16       BUFG (Prop_bufg_I_O)         0.029     1.159 r  sys_clk_IBUF_BUFG_inst/O
                         net (fo=27, routed)          0.857     2.016    sys_clk_IBUF_BUFG
    SLICE_X42Y57         FDRE                                         r  led_reg/C

Slack:                    inf
  Source:                 led_en
                            (input port)
  Destination:            i_reg[20]/R
                            (rising edge-triggered cell FDRE clocked by sys_clk_pin  {rise@0.000ns fall@4.000ns period=8.000ns})
  Path Group:             (none)
  Path Type:              Hold (Min at Fast Process Corner)
  Data Path Delay:        0.967ns  (logic 0.265ns (27.450%)  route 0.702ns (72.550%))
  Logic Levels:           2  (IBUF=1 LUT3=1)
  Clock Path Skew:        2.017ns (DCD - SCD - CPR)
    Destination Clock Delay (DCD):    2.017ns
    Source Clock Delay      (SCD):    0.000ns
    Clock Pessimism Removal (CPR):    -0.000ns

    Location             Delay type                Incr(ns)  Path(ns)    Netlist Resource(s)
  -------------------------------------------------------------------    -------------------
    G15                                               0.000     0.000 f  led_en (IN)
                         net (fo=0)                   0.000     0.000    led_en
    G15                  IBUF (Prop_ibuf_I_O)         0.220     0.220 f  led_en_IBUF_inst/O
                         net (fo=2, routed)           0.548     0.768    led_en_IBUF
    SLICE_X42Y57         LUT3 (Prop_lut3_I2_O)        0.045     0.813 r  i[0]_i_1/O
                         net (fo=26, routed)          0.154     0.967    i[0]_i_1_n_0
    SLICE_X43Y56         FDRE                                         r  i_reg[20]/R
  -------------------------------------------------------------------    -------------------

                         (clock sys_clk_pin rise edge)
                                                      0.000     0.000 r  
    K17                                               0.000     0.000 r  sys_clk (IN)
                         net (fo=0)                   0.000     0.000    sys_clk
    K17                  IBUF (Prop_ibuf_I_O)         0.447     0.447 r  sys_clk_IBUF_inst/O
                         net (fo=1, routed)           0.683     1.130    sys_clk_IBUF
    BUFGCTRL_X0Y16       BUFG (Prop_bufg_I_O)         0.029     1.159 r  sys_clk_IBUF_BUFG_inst/O
                         net (fo=27, routed)          0.858     2.017    sys_clk_IBUF_BUFG
    SLICE_X43Y56         FDRE                                         r  i_reg[20]/C

Slack:                    inf
  Source:                 led_en
                            (input port)
  Destination:            i_reg[21]/R
                            (rising edge-triggered cell FDRE clocked by sys_clk_pin  {rise@0.000ns fall@4.000ns period=8.000ns})
  Path Group:             (none)
  Path Type:              Hold (Min at Fast Process Corner)
  Data Path Delay:        0.967ns  (logic 0.265ns (27.450%)  route 0.702ns (72.550%))
  Logic Levels:           2  (IBUF=1 LUT3=1)
  Clock Path Skew:        2.017ns (DCD - SCD - CPR)
    Destination Clock Delay (DCD):    2.017ns
    Source Clock Delay      (SCD):    0.000ns
    Clock Pessimism Removal (CPR):    -0.000ns

    Location             Delay type                Incr(ns)  Path(ns)    Netlist Resource(s)
  -------------------------------------------------------------------    -------------------
    G15                                               0.000     0.000 f  led_en (IN)
                         net (fo=0)                   0.000     0.000    led_en
    G15                  IBUF (Prop_ibuf_I_O)         0.220     0.220 f  led_en_IBUF_inst/O
                         net (fo=2, routed)           0.548     0.768    led_en_IBUF
    SLICE_X42Y57         LUT3 (Prop_lut3_I2_O)        0.045     0.813 r  i[0]_i_1/O
                         net (fo=26, routed)          0.154     0.967    i[0]_i_1_n_0
    SLICE_X43Y56         FDRE                                         r  i_reg[21]/R
  -------------------------------------------------------------------    -------------------

                         (clock sys_clk_pin rise edge)
                                                      0.000     0.000 r  
    K17                                               0.000     0.000 r  sys_clk (IN)
                         net (fo=0)                   0.000     0.000    sys_clk
    K17                  IBUF (Prop_ibuf_I_O)         0.447     0.447 r  sys_clk_IBUF_inst/O
                         net (fo=1, routed)           0.683     1.130    sys_clk_IBUF
    BUFGCTRL_X0Y16       BUFG (Prop_bufg_I_O)         0.029     1.159 r  sys_clk_IBUF_BUFG_inst/O
                         net (fo=27, routed)          0.858     2.017    sys_clk_IBUF_BUFG
    SLICE_X43Y56         FDRE                                         r  i_reg[21]/C

Slack:                    inf
  Source:                 led_en
                            (input port)
  Destination:            i_reg[22]/R
                            (rising edge-triggered cell FDRE clocked by sys_clk_pin  {rise@0.000ns fall@4.000ns period=8.000ns})
  Path Group:             (none)
  Path Type:              Hold (Min at Fast Process Corner)
  Data Path Delay:        0.967ns  (logic 0.265ns (27.450%)  route 0.702ns (72.550%))
  Logic Levels:           2  (IBUF=1 LUT3=1)
  Clock Path Skew:        2.017ns (DCD - SCD - CPR)
    Destination Clock Delay (DCD):    2.017ns
    Source Clock Delay      (SCD):    0.000ns
    Clock Pessimism Removal (CPR):    -0.000ns

    Location             Delay type                Incr(ns)  Path(ns)    Netlist Resource(s)
  -------------------------------------------------------------------    -------------------
    G15                                               0.000     0.000 f  led_en (IN)
                         net (fo=0)                   0.000     0.000    led_en
    G15                  IBUF (Prop_ibuf_I_O)         0.220     0.220 f  led_en_IBUF_inst/O
                         net (fo=2, routed)           0.548     0.768    led_en_IBUF
    SLICE_X42Y57         LUT3 (Prop_lut3_I2_O)        0.045     0.813 r  i[0]_i_1/O
                         net (fo=26, routed)          0.154     0.967    i[0]_i_1_n_0
    SLICE_X43Y56         FDRE                                         r  i_reg[22]/R
  -------------------------------------------------------------------    -------------------

                         (clock sys_clk_pin rise edge)
                                                      0.000     0.000 r  
    K17                                               0.000     0.000 r  sys_clk (IN)
                         net (fo=0)                   0.000     0.000    sys_clk
    K17                  IBUF (Prop_ibuf_I_O)         0.447     0.447 r  sys_clk_IBUF_inst/O
                         net (fo=1, routed)           0.683     1.130    sys_clk_IBUF
    BUFGCTRL_X0Y16       BUFG (Prop_bufg_I_O)         0.029     1.159 r  sys_clk_IBUF_BUFG_inst/O
                         net (fo=27, routed)          0.858     2.017    sys_clk_IBUF_BUFG
    SLICE_X43Y56         FDRE                                         r  i_reg[22]/C

Slack:                    inf
  Source:                 led_en
                            (input port)
  Destination:            i_reg[23]/R
                            (rising edge-triggered cell FDRE clocked by sys_clk_pin  {rise@0.000ns fall@4.000ns period=8.000ns})
  Path Group:             (none)
  Path Type:              Hold (Min at Fast Process Corner)
  Data Path Delay:        0.967ns  (logic 0.265ns (27.450%)  route 0.702ns (72.550%))
  Logic Levels:           2  (IBUF=1 LUT3=1)
  Clock Path Skew:        2.017ns (DCD - SCD - CPR)
    Destination Clock Delay (DCD):    2.017ns
    Source Clock Delay      (SCD):    0.000ns
    Clock Pessimism Removal (CPR):    -0.000ns

    Location             Delay type                Incr(ns)  Path(ns)    Netlist Resource(s)
  -------------------------------------------------------------------    -------------------
    G15                                               0.000     0.000 f  led_en (IN)
                         net (fo=0)                   0.000     0.000    led_en
    G15                  IBUF (Prop_ibuf_I_O)         0.220     0.220 f  led_en_IBUF_inst/O
                         net (fo=2, routed)           0.548     0.768    led_en_IBUF
    SLICE_X42Y57         LUT3 (Prop_lut3_I2_O)        0.045     0.813 r  i[0]_i_1/O
                         net (fo=26, routed)          0.154     0.967    i[0]_i_1_n_0
    SLICE_X43Y56         FDRE                                         r  i_reg[23]/R
  -------------------------------------------------------------------    -------------------

                         (clock sys_clk_pin rise edge)
                                                      0.000     0.000 r  
    K17                                               0.000     0.000 r  sys_clk (IN)
                         net (fo=0)                   0.000     0.000    sys_clk
    K17                  IBUF (Prop_ibuf_I_O)         0.447     0.447 r  sys_clk_IBUF_inst/O
                         net (fo=1, routed)           0.683     1.130    sys_clk_IBUF
    BUFGCTRL_X0Y16       BUFG (Prop_bufg_I_O)         0.029     1.159 r  sys_clk_IBUF_BUFG_inst/O
                         net (fo=27, routed)          0.858     2.017    sys_clk_IBUF_BUFG
    SLICE_X43Y56         FDRE                                         r  i_reg[23]/C

Slack:                    inf
  Source:                 led_en
                            (input port)
  Destination:            i_reg[16]/R
                            (rising edge-triggered cell FDRE clocked by sys_clk_pin  {rise@0.000ns fall@4.000ns period=8.000ns})
  Path Group:             (none)
  Path Type:              Hold (Min at Fast Process Corner)
  Data Path Delay:        1.021ns  (logic 0.265ns (26.001%)  route 0.756ns (73.999%))
  Logic Levels:           2  (IBUF=1 LUT3=1)
  Clock Path Skew:        2.017ns (DCD - SCD - CPR)
    Destination Clock Delay (DCD):    2.017ns
    Source Clock Delay      (SCD):    0.000ns
    Clock Pessimism Removal (CPR):    -0.000ns

    Location             Delay type                Incr(ns)  Path(ns)    Netlist Resource(s)
  -------------------------------------------------------------------    -------------------
    G15                                               0.000     0.000 f  led_en (IN)
                         net (fo=0)                   0.000     0.000    led_en
    G15                  IBUF (Prop_ibuf_I_O)         0.220     0.220 f  led_en_IBUF_inst/O
                         net (fo=2, routed)           0.548     0.768    led_en_IBUF
    SLICE_X42Y57         LUT3 (Prop_lut3_I2_O)        0.045     0.813 r  i[0]_i_1/O
                         net (fo=26, routed)          0.208     1.021    i[0]_i_1_n_0
    SLICE_X43Y55         FDRE                                         r  i_reg[16]/R
  -------------------------------------------------------------------    -------------------

                         (clock sys_clk_pin rise edge)
                                                      0.000     0.000 r  
    K17                                               0.000     0.000 r  sys_clk (IN)
                         net (fo=0)                   0.000     0.000    sys_clk
    K17                  IBUF (Prop_ibuf_I_O)         0.447     0.447 r  sys_clk_IBUF_inst/O
                         net (fo=1, routed)           0.683     1.130    sys_clk_IBUF
    BUFGCTRL_X0Y16       BUFG (Prop_bufg_I_O)         0.029     1.159 r  sys_clk_IBUF_BUFG_inst/O
                         net (fo=27, routed)          0.858     2.017    sys_clk_IBUF_BUFG
    SLICE_X43Y55         FDRE                                         r  i_reg[16]/C

Slack:                    inf
  Source:                 led_en
                            (input port)
  Destination:            i_reg[17]/R
                            (rising edge-triggered cell FDRE clocked by sys_clk_pin  {rise@0.000ns fall@4.000ns period=8.000ns})
  Path Group:             (none)
  Path Type:              Hold (Min at Fast Process Corner)
  Data Path Delay:        1.021ns  (logic 0.265ns (26.001%)  route 0.756ns (73.999%))
  Logic Levels:           2  (IBUF=1 LUT3=1)
  Clock Path Skew:        2.017ns (DCD - SCD - CPR)
    Destination Clock Delay (DCD):    2.017ns
    Source Clock Delay      (SCD):    0.000ns
    Clock Pessimism Removal (CPR):    -0.000ns

    Location             Delay type                Incr(ns)  Path(ns)    Netlist Resource(s)
  -------------------------------------------------------------------    -------------------
    G15                                               0.000     0.000 f  led_en (IN)
                         net (fo=0)                   0.000     0.000    led_en
    G15                  IBUF (Prop_ibuf_I_O)         0.220     0.220 f  led_en_IBUF_inst/O
                         net (fo=2, routed)           0.548     0.768    led_en_IBUF
    SLICE_X42Y57         LUT3 (Prop_lut3_I2_O)        0.045     0.813 r  i[0]_i_1/O
                         net (fo=26, routed)          0.208     1.021    i[0]_i_1_n_0
    SLICE_X43Y55         FDRE                                         r  i_reg[17]/R
  -------------------------------------------------------------------    -------------------

                         (clock sys_clk_pin rise edge)
                                                      0.000     0.000 r  
    K17                                               0.000     0.000 r  sys_clk (IN)
                         net (fo=0)                   0.000     0.000    sys_clk
    K17                  IBUF (Prop_ibuf_I_O)         0.447     0.447 r  sys_clk_IBUF_inst/O
                         net (fo=1, routed)           0.683     1.130    sys_clk_IBUF
    BUFGCTRL_X0Y16       BUFG (Prop_bufg_I_O)         0.029     1.159 r  sys_clk_IBUF_BUFG_inst/O
                         net (fo=27, routed)          0.858     2.017    sys_clk_IBUF_BUFG
    SLICE_X43Y55         FDRE                                         r  i_reg[17]/C

Slack:                    inf
  Source:                 led_en
                            (input port)
  Destination:            i_reg[18]/R
                            (rising edge-triggered cell FDRE clocked by sys_clk_pin  {rise@0.000ns fall@4.000ns period=8.000ns})
  Path Group:             (none)
  Path Type:              Hold (Min at Fast Process Corner)
  Data Path Delay:        1.021ns  (logic 0.265ns (26.001%)  route 0.756ns (73.999%))
  Logic Levels:           2  (IBUF=1 LUT3=1)
  Clock Path Skew:        2.017ns (DCD - SCD - CPR)
    Destination Clock Delay (DCD):    2.017ns
    Source Clock Delay      (SCD):    0.000ns
    Clock Pessimism Removal (CPR):    -0.000ns

    Location             Delay type                Incr(ns)  Path(ns)    Netlist Resource(s)
  -------------------------------------------------------------------    -------------------
    G15                                               0.000     0.000 f  led_en (IN)
                         net (fo=0)                   0.000     0.000    led_en
    G15                  IBUF (Prop_ibuf_I_O)         0.220     0.220 f  led_en_IBUF_inst/O
                         net (fo=2, routed)           0.548     0.768    led_en_IBUF
    SLICE_X42Y57         LUT3 (Prop_lut3_I2_O)        0.045     0.813 r  i[0]_i_1/O
                         net (fo=26, routed)          0.208     1.021    i[0]_i_1_n_0
    SLICE_X43Y55         FDRE                                         r  i_reg[18]/R
  -------------------------------------------------------------------    -------------------

                         (clock sys_clk_pin rise edge)
                                                      0.000     0.000 r  
    K17                                               0.000     0.000 r  sys_clk (IN)
                         net (fo=0)                   0.000     0.000    sys_clk
    K17                  IBUF (Prop_ibuf_I_O)         0.447     0.447 r  sys_clk_IBUF_inst/O
                         net (fo=1, routed)           0.683     1.130    sys_clk_IBUF
    BUFGCTRL_X0Y16       BUFG (Prop_bufg_I_O)         0.029     1.159 r  sys_clk_IBUF_BUFG_inst/O
                         net (fo=27, routed)          0.858     2.017    sys_clk_IBUF_BUFG
    SLICE_X43Y55         FDRE                                         r  i_reg[18]/C

Slack:                    inf
  Source:                 led_en
                            (input port)
  Destination:            i_reg[19]/R
                            (rising edge-triggered cell FDRE clocked by sys_clk_pin  {rise@0.000ns fall@4.000ns period=8.000ns})
  Path Group:             (none)
  Path Type:              Hold (Min at Fast Process Corner)
  Data Path Delay:        1.021ns  (logic 0.265ns (26.001%)  route 0.756ns (73.999%))
  Logic Levels:           2  (IBUF=1 LUT3=1)
  Clock Path Skew:        2.017ns (DCD - SCD - CPR)
    Destination Clock Delay (DCD):    2.017ns
    Source Clock Delay      (SCD):    0.000ns
    Clock Pessimism Removal (CPR):    -0.000ns

    Location             Delay type                Incr(ns)  Path(ns)    Netlist Resource(s)
  -------------------------------------------------------------------    -------------------
    G15                                               0.000     0.000 f  led_en (IN)
                         net (fo=0)                   0.000     0.000    led_en
    G15                  IBUF (Prop_ibuf_I_O)         0.220     0.220 f  led_en_IBUF_inst/O
                         net (fo=2, routed)           0.548     0.768    led_en_IBUF
    SLICE_X42Y57         LUT3 (Prop_lut3_I2_O)        0.045     0.813 r  i[0]_i_1/O
                         net (fo=26, routed)          0.208     1.021    i[0]_i_1_n_0
    SLICE_X43Y55         FDRE                                         r  i_reg[19]/R
  -------------------------------------------------------------------    -------------------

                         (clock sys_clk_pin rise edge)
                                                      0.000     0.000 r  
    K17                                               0.000     0.000 r  sys_clk (IN)
                         net (fo=0)                   0.000     0.000    sys_clk
    K17                  IBUF (Prop_ibuf_I_O)         0.447     0.447 r  sys_clk_IBUF_inst/O
                         net (fo=1, routed)           0.683     1.130    sys_clk_IBUF
    BUFGCTRL_X0Y16       BUFG (Prop_bufg_I_O)         0.029     1.159 r  sys_clk_IBUF_BUFG_inst/O
                         net (fo=27, routed)          0.858     2.017    sys_clk_IBUF_BUFG
    SLICE_X43Y55         FDRE                                         r  i_reg[19]/C

Slack:                    inf
  Source:                 led_en
                            (input port)
  Destination:            i_reg[12]/R
                            (rising edge-triggered cell FDRE clocked by sys_clk_pin  {rise@0.000ns fall@4.000ns period=8.000ns})
  Path Group:             (none)
  Path Type:              Hold (Min at Fast Process Corner)
  Data Path Delay:        1.047ns  (logic 0.265ns (25.346%)  route 0.782ns (74.654%))
  Logic Levels:           2  (IBUF=1 LUT3=1)
  Clock Path Skew:        2.017ns (DCD - SCD - CPR)
    Destination Clock Delay (DCD):    2.017ns
    Source Clock Delay      (SCD):    0.000ns
    Clock Pessimism Removal (CPR):    -0.000ns

    Location             Delay type                Incr(ns)  Path(ns)    Netlist Resource(s)
  -------------------------------------------------------------------    -------------------
    G15                                               0.000     0.000 f  led_en (IN)
                         net (fo=0)                   0.000     0.000    led_en
    G15                  IBUF (Prop_ibuf_I_O)         0.220     0.220 f  led_en_IBUF_inst/O
                         net (fo=2, routed)           0.548     0.768    led_en_IBUF
    SLICE_X42Y57         LUT3 (Prop_lut3_I2_O)        0.045     0.813 r  i[0]_i_1/O
                         net (fo=26, routed)          0.234     1.047    i[0]_i_1_n_0
    SLICE_X43Y54         FDRE                                         r  i_reg[12]/R
  -------------------------------------------------------------------    -------------------

                         (clock sys_clk_pin rise edge)
                                                      0.000     0.000 r  
    K17                                               0.000     0.000 r  sys_clk (IN)
                         net (fo=0)                   0.000     0.000    sys_clk
    K17                  IBUF (Prop_ibuf_I_O)         0.447     0.447 r  sys_clk_IBUF_inst/O
                         net (fo=1, routed)           0.683     1.130    sys_clk_IBUF
    BUFGCTRL_X0Y16       BUFG (Prop_bufg_I_O)         0.029     1.159 r  sys_clk_IBUF_BUFG_inst/O
                         net (fo=27, routed)          0.858     2.017    sys_clk_IBUF_BUFG
    SLICE_X43Y54         FDRE                                         r  i_reg[12]/C





